,Unnamed: 0,Decade,Date,Time,Location,Operator,Flight_Num,Route,Ac_Type,Registration,Cn_Ln,Aboard,Fatalities,Ground,Summary,Aboard_Total,Fatalities_Total,Operator_vs_Military,Country_location
0,37,1950,1953-06-16,,"Mount Phou-Lassy, French Indo-China",Aigle Azur,,Vientiane - Saigon,Douglas DC-3,F-BEST,19100,"{'total': 34, 'passengers': 31, 'crew': 3}","{'total': 34, 'passengers': 31, 'crew': 3}",0.0,Crashed after on-board fire.  Possibly shot down.,34,34,Aigle Azur,"{'place_id': 237996895, 'licence': 'Data © OpenStreetMap contributors, ODbL 1.0. http://osm.org/copyright', 'osm_type': 'node', 'osm_id': 116056557, 'lat': '19.8887438', 'lon': '102.135898', 'class': 'place', 'type': 'city', 'place_rank': 16, 'importance': 0.4701938145413271, 'addresstype': 'city', 'name': 'Luang Prabang', 'display_name': 'Luang Prabang, Luang Prabang District, Luang Prabang, 10000, Laos', 'boundingbox': ['19.7287438', '20.0487438', '101.9758980', '102.2958980']}"
1,40,1950,1953-07-12,0841,"Pacific Ocean, 325 miles east of Wake Island",Transocean Air Lines,512,Wake Island - Honolulu - Oakland,Douglas DC-6A,N90806,42901/153,"{'total': 58, 'passengers': 50, 'crew': 8}","{'total': 58, 'passengers': 50, 'crew': 8}",0.0,"Lost at sea while en route from Wake Island to Honolulu, Hawaii, approximately 325 miles east of Wake Island. Cause not determined, but there was thunderstorms and turbulence in the area. Fourteen bodies and all life rafts were recovered. The plywood panel from the navigator's table was recovered with the words ""falling in"" written on it. There is some speculation that a bomb caused the accident. The aircraft was named ""The Royal Hawaiian.""",58,58,Transocean Air Lines,"{'place_id': 34699905, 'licence': 'Data © OpenStreetMap contributors, ODbL 1.0. http://osm.org/copyright', 'osm_type': 'node', 'osm_id': 305640005, 'lat': '-0.703107', 'lon': '-120.9375', 'class': 'place', 'type': 'ocean', 'place_rank': 22, 'importance': 0.2000099999999999, 'addresstype': 'ocean', 'name': 'Pacific Ocean', 'display_name': 'Pacific Ocean', 'boundingbox': ['-0.7031570', '-0.7030570', '-120.9375500', '-120.9374500']}"
2,45,1950,1953-08-05,,Off Irish coast,Military - U.S. Air Force,,Travis - Lakenheath,Convair B-36,52-1369,303,"{'total': 23, 'passengers': 0, 'crew': 23}","{'total': 19, 'passengers': 0, 'crew': 19}",0.0,"Crashed into the Atlantic Ocean after two of it’s engines caught fire, 500 miles off the Irish coast.",23,19,Military,"{'place_id': 270231960, 'licence': 'Data © OpenStreetMap contributors, ODbL 1.0. http://osm.org/copyright', 'osm_type': 'node', 'osm_id': 844171233, 'lat': '52.1481188', 'lon': '-6.9933388', 'class': 'emergency', 'type': 'coast_guard', 'place_rank': 30, 'importance': 9.99999999995449e-06, 'addresstype': 'emergency', 'name': 'Irish Coast Guard, Dunmore East Unit', 'display_name': 'Irish Coast Guard, Dunmore East Unit, Dock Road, Killea, Waterford City Metropolitan District, County Waterford, Munster, X91 C677, Ireland', 'boundingbox': ['52.1480688', '52.1481688', '-6.9933888', '-6.9932888']}"
3,112,1940,1947-06-21,,"Black Sea, Gulf of Karkinitsky",Aeroflot,,,Li-2,CCCP-L4138,,"{'total': 29, 'passengers': 25, 'crew': 4}","{'total': 8, 'passengers': 6, 'crew': 2}",0.0,The plane ditched in the Black Sea. Engine failure due to disconnection of traction altitude corrector.,29,8,Aeroflot,"{'place_id': 386658069, 'licence': 'Data © OpenStreetMap contributors, ODbL 1.0. http://osm.org/copyright', 'osm_type': 'relation', 'osm_id': 7160849, 'lat': '43.87282395', 'lon': '33.99380770501095', 'class': 'place', 'type': 'sea', 'place_rank': 2, 'importance': 0.673990797271222, 'addresstype': 'sea', 'name': 'Black Sea', 'display_name': 'Black Sea', 'boundingbox': ['40.9089831', '46.8367215', '27.4426143', '41.7776182']}"
4,113,1940,1947-07-01,,"Near Eaeka, French Cameroons",Air France,,Bangu i- Yaoundé - Douala,Junkers JU-52/3m,F-BALF,091,"{'total': 13, 'passengers': 10, 'crew': 3}","{'total': 13, 'passengers': 10, 'crew': 3}",0.0,Crashed into the slope of a mountain while en route in reduced visibility.,13,13,Air France,"{'place_id': 66116545, 'licence': 'Data © OpenStreetMap contributors, ODbL 1.0. http://osm.org/copyright', 'osm_type': 'relation', 'osm_id': 192830, 'lat': '4.6125522', 'lon': '13.1535811', 'class': 'boundary', 'type': 'administrative', 'place_rank': 4, 'importance': 0.7192668052570288, 'addresstype': 'country', 'name': 'Cameroon', 'display_name': 'Cameroon', 'boundingbox': ['1.6517945', '13.0833330', '8.3822176', '16.1911011']}"
5,128,1940,1947-10-14,1004,"Ocean, 800 miles east of Newfoundland",American International Airways,,"Foynes, Ireland - Botwood, Newfoundland - New York",Boeing 314A,NC18612,2086,"{'total': 69, 'passengers': 62, 'crew': 7}","{'total': 0, 'passengers': 0, 'crew': 0}",0.0,"The plane was 5,000 pounds over its certified weight and had to land at sea when it ran out of fuel in severe headwinds.  Over the next following 25 hours all occupants were rescued by the US Coast Guard ship Bibb using rafts and small boats and the plane was then sunk as a hazard to shipping.",69,0,American International Airways,"{'place_id': 1450933, 'licence': 'Data © OpenStreetMap contributors, ODbL 1.0. http://osm.org/copyright', 'osm_type': 'relation', 'osm_id': 962550, 'lat': '39.977818', 'lon': '-74.3319287', 'class': 'boundary', 'type': 'administrative', 'place_rank': 12, 'importance': 0.4759671449198611, 'addresstype': 'county', 'name': 'Ocean County', 'display_name': 'Ocean County, New Jersey, United States', 'boundingbox': ['39.4751962', '40.1723550', '-74.5531050', '-73.9661052']}"
6,169,1990,1990-03-12,,"Off Freetown, Sierre Leone",Helicsa,,,Sikorsky S-58ET (helilcopter),EC-DDR,58-1617,"{'total': 13, 'passengers': None, 'crew': None}","{'total': 11, 'passengers': None, 'crew': None}",0.0,Crashed into the sea after takeoff.,13,11,Helicsa,"{'place_id': 289647453, 'licence': 'Data © OpenStreetMap contributors, ODbL 1.0. http://osm.org/copyright', 'osm_type': 'node', 'osm_id': 27565056, 'lat': '8.479004', 'lon': '-13.26795', 'class': 'place', 'type': 'city', 'place_rank': 15, 'importance': 0.5552361779722287, 'addresstype': 'city', 'name': 'Freetown', 'display_name': 'Freetown, Western Area Urban, Western Area, Sierra Leone', 'boundingbox': ['8.3190040', '8.6390040', '-13.4279500', '-13.1079500']}"
7,227,1980,1984-03-31,0830,Off  Bimini,State Airlines,,Ft. Lauderdale - Bimini,Cessna 402B,N44NC,402B-0852,"{'total': 6, 'passengers': 5, 'crew': 1}","{'total': 6, 'passengers': 5, 'crew': 1}",0.0,"Slowed to 90 knts and soon after began to descent at 5,400 fpm and disappeared from radar and crashed into the sea. The wreckage was never found.",6,6,State Airlines,"{'place_id': 291289801, 'licence': 'Data © OpenStreetMap contributors, ODbL 1.0. http://osm.org/copyright', 'osm_type': 'relation', 'osm_id': 3776645, 'lat': '25.720065', 'lon': '-79.2744573', 'class': 'boundary', 'type': 'administrative', 'place_rank': 16, 'importance': 0.41999662938485194, 'addresstype': 'archipelago', 'name': 'Bimini', 'display_name': 'Bimini, Bahamas', 'boundingbox': ['23.1430140', '26.2300000', '-80.7001941', '-78.8605875']}"
8,289,1980,1985-06-23,0715,"Atlantic Ocean, 110 miles West of Ireland",Air India,182,Montreal - London,Boeing B-747-237B,VT-EFO,21473/330,"{'total': 329, 'passengers': 307, 'crew': 22}","{'total': 329, 'passengers': 307, 'crew': 22}",0.0,"The aircraft broke up in flight and crashed into the ocean. Detonation of an explosive device in the forward cargo hold. Terrorist working in Vancouver, Canada, checked baggage with bombs onto two flights. One bag transferred at Toronto onto flight 182. The other would have been transferred at Tokyo onto another Air India flight, but exploded at the airport killing 2 baggage handlers. The aircraft was named "" Emperor Kanishka.""",329,329,Air India,"{'place_id': 290604959, 'licence': 'Data © OpenStreetMap contributors, ODbL 1.0. http://osm.org/copyright', 'osm_type': 'node', 'osm_id': 305640306, 'lat': '13.581921', 'lon': '-38.320312', 'class': 'place', 'type': 'ocean', 'place_rank': 22, 'importance': 0.2000099999999999, 'addresstype': 'ocean', 'name': 'Atlantic Ocean', 'display_name': 'Atlantic Ocean', 'boundingbox': ['13.5818710', '13.5819710', '-38.3203620', '-38.3202620']}"
9,414,1940,1946-06-29,,Off Malaya,Military - Royal Air Force,,,Douglas C-47B,KJ918,14641/26086,"{'total': 18, 'passengers': None, 'crew': None}","{'total': 18, 'passengers': None, 'crew': None}",0.0,Disappeared.,18,18,Military,"{'place_id': 371071599, 'licence': 'Data © OpenStreetMap contributors, ODbL 1.0. http://osm.org/copyright', 'osm_type': 'relation', 'osm_id': 16521509, 'lat': '23.4078376', 'lon': '81.64988449203865', 'class': 'boundary', 'type': 'administrative', 'place_rank': 18, 'importance': 0.30000999999999994, 'addresstype': 'suburb', 'name': 'Malaya', 'display_name': 'Malaya, Jaitpur Tahsil, Shahdol District, Madhya Pradesh, India', 'boundingbox': ['23.3889352', '23.4266128', '81.6278672', '81.6618027']}"
10,421,1940,1946-07-20,12:15,Off the Panama coast,Military -  (2) U.S. Army Air Forces,,,Boeing B-17G / Boeing B-17G,4485624/4485626,,"{'total': 20, 'passengers': None, 'crew': None}","{'total': 20, 'passengers': None, 'crew': None}",0.0,"The two aircraft collided in midair, 20 miles north of the Panamanian island of Coiba while searching for a missing plane. Ten died aboard each aircraft.",20,20,Military,"{'place_id': 293075397, 'licence': 'Data © OpenStreetMap contributors, ODbL 1.0. http://osm.org/copyright', 'osm_type': 'way', 'osm_id': 830281319, 'lat': '30.169838050000003', 'lon': '-85.75583301214297', 'class': 'landuse', 'type': 'military', 'place_rank': 22, 'importance': 0.5898417751128816, 'addresstype': 'military', 'name': 'U.S. Coast Guard - Station Panama City', 'display_name': 'U.S. Coast Guard - Station Panama City, 1700, Panama City Beach, Bay County, Florida, 32408, United States', 'boundingbox': ['30.1689447', '30.1707016', '-85.7582999', '-85.7534598']}"
11,441,1940,1946-09-25,09:31,Near Hong Kong International Airport,Military - Royal Air Force,,Hong Kong - Singapore,Douglas C-47B-25-DK,KN414,16091/32839,"{'total': 19, 'passengers': 14, 'crew': 5}","{'total': 19, 'passengers': 14, 'crew': 5}",0.0,"The aircraft departed Hong Kong, Runway 31, climbing to a height of 700-800 feet. At that point the airplane lost control and crashed. The Dakota possibly stalled after encountering turbulence from the foothills.",19,19,Military,"{'place_id': 368600257, 'licence': 'Data © OpenStreetMap contributors, ODbL 1.0. http://osm.org/copyright', 'osm_type': 'relation', 'osm_id': 16105017, 'lat': '22.3125986', 'lon': '113.91729986640615', 'class': 'aeroway', 'type': 'aerodrome', 'place_rank': 30, 'importance': 0.55777655738823, 'addresstype': 'aeroway', 'name': 'Hong Kong International Airport', 'display_name': 'Hong Kong International Airport, Airport Road, Chek Lap Kok, Tung Chung, Islands District, New Territories, Hong Kong, China', 'boundingbox': ['22.2901847', '22.3349196', '113.8765370', '113.9461505']}"
12,490,1950,1952-03-24,03:10,"Near Gao, French West Africa",Société Aérienne de Tr. Tropicaux,,"Gao, FWA - Nice, France",Lockheed 18 Lodestar,F-ARTE,2005,"{'total': 21, 'passengers': 18, 'crew': 3}","{'total': 17, 'passengers': 14, 'crew': 3}",0.0,Crashed after taking off. Pilot failed to maintain altitude after taking off for reasons unknown. May have been pilot fatigue.,21,17,Société Aérienne de Tr. Tropicaux,"{'place_id': 288997898, 'licence': 'Data © OpenStreetMap contributors, ODbL 1.0. http://osm.org/copyright', 'osm_type': 'node', 'osm_id': 89918976, 'lat': '16.2788129', 'lon': '-0.0412392', 'class': 'place', 'type': 'city', 'place_rank': 16, 'importance': 0.4853156278879981, 'addresstype': 'city', 'name': 'Gao', 'display_name': 'Gao, Gao Cercle, Gao, Mali', 'boundingbox': ['16.1188129', '16.4388129', '-0.2012392', '0.1187608']}"
13,531,1950,1952-12-06,,"Near Sofia, Bugaria",TABSO,,Sofia - Varna,Lisunov Li-2,,,"{'total': 18, 'passengers': None, 'crew': None}","{'total': 18, 'passengers': None, 'crew': None}",0.0,Crashed en route.,18,18,TABSO,"{'place_id': 378931772, 'licence': 'Data © OpenStreetMap contributors, ODbL 1.0. http://osm.org/copyright', 'osm_type': 'relation', 'osm_id': 4283101, 'lat': '42.6977028', 'lon': '23.3217359', 'class': 'place', 'type': 'city', 'place_rank': 15, 'importance': 0.589158597141107, 'addresstype': 'city', 'name': 'Sofia', 'display_name': 'Sofia, Sofia City, Sofia-City, Bulgaria', 'boundingbox': ['42.6030861', '42.8643020', '23.1950853', '23.6217750']}"
14,566,1970,1978-09-03,1730,"Near Kariba, Rhodesia (Zimbabwe)",Air Rhodesia,825,Kariba - Salisbury,Vickers Viscount 782D,VP-WAS,297,"{'total': 56, 'passengers': 52, 'crew': 4}","{'total': 38, 'passengers': 34, 'crew': 4}",0.0,"The aircraft took off from  from Kariba Airport at 17.10.  Shortly after departing Kariba, the starboard wing was hit by a SAM-7 missile.  The crew tried to make an emergency landing in a large clearing in the bush. The aircraft crash landed, striking an irrigation ditch, cart-wheeled, broke up and caught fire.  Soldiers from the Joshua Nkomo's Zimbabwe Peoples Revolution Army, who were responsible for shooting down the airliner, later killed 10 of the 18 survivors. The remaining survivors were rescued the next day.",56,38,Air Rhodesia,"{'place_id': 60678385, 'licence': 'Data © OpenStreetMap contributors, ODbL 1.0. http://osm.org/copyright', 'osm_type': 'relation', 'osm_id': 7857104, 'lat': '-16.89398185', 'lon': '28.57694964980591', 'class': 'boundary', 'type': 'administrative', 'place_rank': 12, 'importance': 0.45000999999999997, 'addresstype': 'county', 'name': 'Kariba', 'display_name': 'Kariba, Mashonaland West Province, Zimbabwe', 'boundingbox': ['-17.4249941', '-16.3678696', '28.0311220', '29.2151248']}"
15,618,1940,1944-08-29,0002,"Near Lidköping, Västergötland, Swden",British Overseas Airways,,Stockholm - Leuchars,Lockheed 18-56 Loadstar,G-AGIH,2491,"{'total': 15, 'passengers': 12, 'crew': 3}","{'total': 11, 'passengers': 8, 'crew': 3}",0.0,"While cruising at night, the aircraft crashed into the slopes of Mt. Kinnekulle after diverting towards Gothenburg due to radio problems.",15,11,British Overseas Airways,"{'place_id': 175236491, 'licence': 'Data © OpenStreetMap contributors, ODbL 1.0. http://osm.org/copyright', 'osm_type': 'node', 'osm_id': 27426448, 'lat': '58.5037196', 'lon': '13.1576427', 'class': 'place', 'type': 'town', 'place_rank': 18, 'importance': 0.4776624454985776, 'addresstype': 'town', 'name': 'Lidköping', 'display_name': 'Lidköping, Lidköpings kommun, Västra Götaland County, 531 31, Sweden', 'boundingbox': ['58.4637196', '58.5437196', '13.1176427', '13.1976427']}"
16,669,1950,1950-06-05,2203,Atlantic Ocean off Florida,Westair Transport,,San Juan - Wilmington NC,Curtiss C-46-F-1-CU,N1248N,22496,"{'total': 65, 'passengers': 62, 'crew': 3}","{'total': 28, 'passengers': 28, 'crew': 0}",0.0,"Ditched into the Atlantic 300 miles east of Melbourne, Florida on a flight from San Juan, Porto Rico to Wilmington, North Carolina due to failure of both engines. It sank in one of the deepest areas of the Atlantic and could not be recovered. Failure of both engines for reasons unknown.",65,28,Westair Transport,"{'place_id': 290604959, 'licence': 'Data © OpenStreetMap contributors, ODbL 1.0. http://osm.org/copyright', 'osm_type': 'node', 'osm_id': 305640306, 'lat': '13.581921', 'lon': '-38.320312', 'class': 'place', 'type': 'ocean', 'place_rank': 22, 'importance': 0.2000099999999999, 'addresstype': 'ocean', 'name': 'Atlantic Ocean', 'display_name': 'Atlantic Ocean', 'boundingbox': ['13.5818710', '13.5819710', '-38.3203620', '-38.3202620']}"
17,697,1950,1950-10-13,1049,"Almelund, Minnisota",Northwest Orient Airlines,,Training,Martin 202,NC93037,9158,"{'total': 6, 'passengers': 3, 'crew': 3}","{'total': 6, 'passengers': 3, 'crew': 3}",0.0,"Crashed after making a steep right turn during a training manuver. The unwanted reversal of the right propeller during flight, as a result of which the crew was unable to maintain control of the aircraft.",6,6,Northwest Orient Airlines,"{'place_id': 28800561, 'licence': 'Data © OpenStreetMap contributors, ODbL 1.0. http://osm.org/copyright', 'osm_type': 'node', 'osm_id': 151905848, 'lat': '45.4915211', 'lon': '-92.7858229', 'class': 'place', 'type': 'village', 'place_rank': 19, 'importance': 0.25130841619905603, 'addresstype': 'village', 'name': 'Almelund', 'display_name': 'Almelund, Amador Township, Chisago County, Minnesota, United States', 'boundingbox': ['45.4715211', '45.5115211', '-92.8058229', '-92.7658229']}"
18,708,1950,1950-12-08,1937,"Bangui, French Equatorial Africa",T.A. Intercontinentaux,,Paris - Bangui - Dar es-Salaam,Douglas C-54A,F-BELB,3084,"{'total': 56, 'passengers': 50, 'crew': 6}","{'total': 46, 'passengers': 43, 'crew': 3}",0.0,Crashed into a mountain in the Pyrenees 5 minutes after takeoff. Crew error. Excessive low rate of climb at night in an unknown region and premature change of heading.,56,46,T.A. Intercontinentaux,"{'place_id': 68581124, 'licence': 'Data © OpenStreetMap contributors, ODbL 1.0. http://osm.org/copyright', 'osm_type': 'relation', 'osm_id': 7322726, 'lat': '4.3635118', 'lon': '18.5835913', 'class': 'boundary', 'type': 'administrative', 'place_rank': 8, 'importance': 0.5938414727620722, 'addresstype': 'city', 'name': 'Bangui', 'display_name': 'Bangui, Central African Republic', 'boundingbox': ['4.3236747', '4.4329846', '18.5238866', '18.6440890']}"
19,762,1980,1987-11-29,1130,Over the Andaman Sea,Korean Airlines,858,Abu Dhabi - Bangkok,Boeing B-707-3B5C,HL-7406,20522/855,"{'total': 115, 'passengers': 104, 'crew': 11}","{'total': 115, 'passengers': 104, 'crew': 11}",0.0,"The plane crashed while on a flight from Abu Dhabi to Bangkok. Detonation of an explosive device in the passenger cabin left by two passengers who exited  the plane at Abu Dhabi. A 75 year old man and Korean woman were arrested as they tried to use fake passports to fly to Rome. While under guard, the man bit into a cyanide capsule and died. The woman, a North Korean agent, confessed to the crime.",115,115,Korean Airlines,"{'place_id': 248090958, 'licence': 'Data © OpenStreetMap contributors, ODbL 1.0. http://osm.org/copyright', 'osm_type': 'node', 'osm_id': 305639181, 'lat': '10.0000001', 'lon': '94.9999999', 'class': 'place', 'type': 'sea', 'place_rank': 2, 'importance': 0.5335703497844414, 'addresstype': 'sea', 'name': 'Andaman Sea', 'display_name': 'Andaman Sea', 'boundingbox': ['9.9999501', '10.0000501', '94.9999499', '95.0000499']}"
20,954,1950,1951-02-03,1430,"Near Mt. Cameroon, Buea, British Cameroons",Air France,,Douala - Niamey,Douglas DC-4,F-BBDO,42992,"{'total': 29, 'passengers': 23, 'crew': 6}","{'total': 29, 'passengers': 23, 'crew': 6}",0.0,"Crashed into a mountain at 8,500 feet. Navigation error. Incorrect procedures followed by crew. The crew followed a different and inaccurate course.",29,29,Air France,"{'place_id': 66063591, 'licence': 'Data © OpenStreetMap contributors, ODbL 1.0. http://osm.org/copyright', 'osm_type': 'node', 'osm_id': 619628767, 'lat': '4.2180273', 'lon': '9.1733628', 'class': 'natural', 'type': 'volcano', 'place_rank': 18, 'importance': 0.42985386965926486, 'addresstype': 'volcano', 'name': 'Mount Cameroon', 'display_name': 'Mount Cameroon, Mbonge, Meme, Southwest, Cameroon', 'boundingbox': ['4.2179773', '4.2180773', '9.1733128', '9.1734128']}"
21,960,1950,1951-03-23,0050,Over the North Atlantic,Military - U.S. Air Force,,Loring AFB - Lakeheath AFB,Douglas C-124A Globemaster,49-0244,43173,"{'total': 53, 'passengers': 48, 'crew': 5}","{'total': 53, 'passengers': 48, 'crew': 5}",0.0,"The aircraft may have suffered an catastrophic explosion and crashed into the sea approximately 450 miles west of Limerick, Ireland. Early report of life rafts and survivors turned out to be incorrect. Cause unknown.",53,53,Military,"{'place_id': 278111747, 'licence': 'Data © OpenStreetMap contributors, ODbL 1.0. http://osm.org/copyright', 'osm_type': 'node', 'osm_id': 5284516113, 'lat': '46.920098', 'lon': '-55.3905745', 'class': 'shop', 'type': 'convenience', 'place_rank': 30, 'importance': 9.99999999995449e-06, 'addresstype': 'shop', 'name': 'North Atlantic', 'display_name': 'North Atlantic, 10, Water Street, St. Lawrence, Newfoundland, Newfoundland and Labrador, A0E 2V0, Canada', 'boundingbox': ['46.9200480', '46.9201480', '-55.3906245', '-55.3905245']}"
22,995,1950,1951-09-27,,Near Tachikawa Air Base,Military - US Air Force,,Ashiya - Tachikawa AB,Fairchild C-119C-15-FA Flying Boxcar,49-169,10406,"{'total': 14, 'passengers': 0, 'crew': 14}","{'total': 14, 'passengers': 0, 'crew': 14}",0.0,"Crashed into the slope of Mt Tanazawa, 28 km northwest of the airbase while operating with the 314th Troop Carrier Wing.",14,14,Military,"{'place_id': 259934590, 'licence': 'Data © OpenStreetMap contributors, ODbL 1.0. http://osm.org/copyright', 'osm_type': 'node', 'osm_id': 2420617705, 'lat': '35.724859', 'lon': '139.418272', 'class': 'shop', 'type': 'bicycle', 'place_rank': 30, 'importance': 9.99999999995449e-06, 'addresstype': 'shop', 'name': 'Cycle Base Asahi', 'display_name': 'Cycle Base Asahi, Imokubo kaido, Kashiwacho 3-chome, Kashiwacho, Tachikawa, Tokyo, 190-0004, Japan', 'boundingbox': ['35.7248090', '35.7249090', '139.4182220', '139.4183220']}"
23,1085,1940,1945-11-15,0914,Near Jacquinot Bay  New Guinea,Military - Royal Australian Air Force,,Lae - Finschhafen - Jacquinot Bay - Rabaul,Douglas C-47 Dakota-DK,A6554,26640,"{'total': 28, 'passengers': 25, 'crew': 3}","{'total': 28, 'passengers': 25, 'crew': 3}",0.0,"Crashed into a 7,598 ft. mountain in the region of Wide Bay, 150 feet below the ridge, shortly after taking off. There were Australian and Indian soldiers on board.",28,28,Military,"{'place_id': 55635510, 'licence': 'Data © OpenStreetMap contributors, ODbL 1.0. http://osm.org/copyright', 'osm_type': 'node', 'osm_id': 6465759090, 'lat': '-5.5706426', 'lon': '151.4907025', 'class': 'natural', 'type': 'bay', 'place_rank': 22, 'importance': 0.2000099999999999, 'addresstype': 'bay', 'name': 'Jacquinot Bay', 'display_name': 'Jacquinot Bay, East New Britain, Islands Region, Papua New Guinea', 'boundingbox': ['-5.5706926', '-5.5705926', '151.4906525', '151.4907525']}"
24,1088,1940,1945-12-05,2000,Off the Florida coast,Military - U.S. Navy,19,,Five Grumman TBM Avengers,,,"{'total': 14, 'passengers': 0, 'crew': 14}","{'total': 14, 'passengers': 0, 'crew': 14}",0.0,"The five aircraft, (23307) (73209) (46325) (46094) (45714), flying out of the U.S. Naval Air Station at Fort Lauderdale, on a training mission,  became lost, ran out of fuel and crashed into the Atlantic Ocean.  No trace of the planes were ever found. This was the incident that began the ""Bermuda Triangle"" legend.",14,14,Military,"{'place_id': 63677897, 'licence': 'Data © OpenStreetMap contributors, ODbL 1.0. http://osm.org/copyright', 'osm_type': 'node', 'osm_id': 1854304670, 'lat': '-4.0768846', 'lon': '39.6734309', 'class': 'amenity', 'type': 'bar', 'place_rank': 30, 'importance': 9.99999999995449e-06, 'addresstype': 'amenity', 'name': 'Florida', 'display_name': 'Florida, Mama Ngina Drive, Makadara/Mji Wa Kale ward, Mombasa, Mvita, Mombasa County, Coast, 80110, Kenya', 'boundingbox': ['-4.0769346', '-4.0768346', '39.6733809', '39.6734809']}"
25,1092,1940,1945-12-25,1930,"Bangui, French Equatorial Africa",Air France,,Paris - N’Djamena - Bangui - Antananarivo,Lockheed 18 Lodestar,F-BALV,2380,"{'total': 8, 'passengers': 5, 'crew': 3}","{'total': 8, 'passengers': 5, 'crew': 3}",0.0,The aircraft went out of control and crashed in a wooded area located about 60 km west of Bangui Airport.,8,8,Air France,"{'place_id': 68581124, 'licence': 'Data © OpenStreetMap contributors, ODbL 1.0. http://osm.org/copyright', 'osm_type': 'relation', 'osm_id': 7322726, 'lat': '4.3635118', 'lon': '18.5835913', 'class': 'boundary', 'type': 'administrative', 'place_rank': 8, 'importance': 0.5938414727620722, 'addresstype': 'city', 'name': 'Bangui', 'display_name': 'Bangui, Central African Republic', 'boundingbox': ['4.3236747', '4.4329846', '18.5238866', '18.6440890']}"
26,1171,1940,1941-08-27,,"Coen, Australila",Airlines of Australia,,Horn Island - Coen - Cairns,de Havilland DH.80 Puss Moth,VH-UQL,2088,"{'total': 3, 'passengers': 2, 'crew': 1}","{'total': 3, 'passengers': 2, 'crew': 1}",0.0,On approach the left wing broke off and the aircraft crashed in a field.,3,3,Airlines of Australia,"{'place_id': 55719557, 'licence': 'Data © OpenStreetMap contributors, ODbL 1.0. http://osm.org/copyright', 'osm_type': 'relation', 'osm_id': 11677444, 'lat': '-13.809115', 'lon': '143.35101850287128', 'class': 'boundary', 'type': 'administrative', 'place_rank': 18, 'importance': 0.3427181510659863, 'addresstype': 'city_district', 'name': 'Coen', 'display_name': 'Coen, Cook Shire, Queensland, Australia', 'boundingbox': ['-14.3767760', '-13.2407520', '142.5007700', '143.9307410']}"
27,1200,1950,1955-03-26,1112,Off the Oregon coast,Pan American World Airways,845/26,Portland - Honolulu,Boeing 377 Stratocruiser 10-26,N1032V,15932,"{'total': 23, 'passengers': 15, 'crew': 8}","{'total': 4, 'passengers': 2, 'crew': 2}",0.0,"The plane ditched 35 miles off the Oregon coast after the No. 3 engine and propeller broke away causing severe control difficulties. The plane sank after 20 minutes. Loss of control and inability to maintain altitude following failure of the No. 3 propeller which resulted in wrenching free the No. 3 power  package. The aircraft was named ""Clipper United States.""",23,4,Pan American World Airways,"{'place_id': 366058689, 'licence': 'Data © OpenStreetMap contributors, ODbL 1.0. http://osm.org/copyright', 'osm_type': 'way', 'osm_id': 1206027956, 'lat': '44.6170967', 'lon': '-124.04766326927853', 'class': 'tourism', 'type': 'aquarium', 'place_rank': 30, 'importance': 0.3054395124350446, 'addresstype': 'tourism', 'name': 'Oregon Coast Aquarium', 'display_name': 'Oregon Coast Aquarium, 2820, Southeast Ferry Slip Road, South Beach, Newport, Lincoln County, Oregon, 97365, United States', 'boundingbox': ['44.6162194', '44.6180399', '-124.0497556', '-124.0451181']}"
28,1313,1980,1982-02-03,0730,"Djibouti, Djbouti",Military - French Air Force,,Training,Nord 2501 Noratlas,140/88JA,140,"{'total': 35, 'passengers': 30, 'crew': 5}","{'total': 35, 'passengers': 30, 'crew': 5}",0.0,Crashed into a mountain before a planned paratroop drop.,35,35,Military,"{'place_id': 69819754, 'licence': 'Data © OpenStreetMap contributors, ODbL 1.0. http://osm.org/copyright', 'osm_type': 'relation', 'osm_id': 192801, 'lat': '11.8145966', 'lon': '42.8453061', 'class': 'boundary', 'type': 'administrative', 'place_rank': 4, 'importance': 0.6526382482526097, 'addresstype': 'country', 'name': 'Djibouti', 'display_name': 'Djibouti', 'boundingbox': ['10.9149547', '12.7923081', '41.7713139', '43.6579046']}"
29,1368,1990,1996-02-06,2347,"Off Puerto Plata, Domincan Republic","Alas Nacionales, leased from Birgen Air",301,Puerto Plata - Gander,Boeing B-757-225,TC-GEN,22206/31,"{'total': 189, 'passengers': 176, 'crew': 13}","{'total': 189, 'passengers': 176, 'crew': 13}",0.0,"The plane crashed into the Atlantic Ocean, 21 km north of Puerto Plata, shortly after taking off. Incorrect airspeed indications resulting from a clogged pitot tube. The readings were greater than the actual airspeed resulting in the crew reducing  power and leading to a stall. Failure of the crew to recognize the activation of the control column shaker as a warning of an imminent stall. Failure of the crew to carry out the procedures to recover the aircraft from the stall and restore lift.",189,189,"Alas Nacionales, leased from Birgen Air","{'place_id': 297014911, 'licence': 'Data © OpenStreetMap contributors, ODbL 1.0. http://osm.org/copyright', 'osm_type': 'relation', 'osm_id': 3412919, 'lat': '19.7221449', 'lon': '-70.72050652502017', 'class': 'boundary', 'type': 'administrative', 'place_rank': 8, 'importance': 0.4637567626011294, 'addresstype': 'state', 'name': 'Puerto Plata', 'display_name': 'Puerto Plata, Dominican Republic', 'boundingbox': ['19.5120852', '19.9321258', '-71.2568888', '-70.3673919']}"
30,1402,1990,1996-08-18,1950,"Near Alliford Bay, British Columbia, Canada2",Harbour Air,,Tasu - Alliford,de Havilland Canada DHC-3 Turbo Otter,C-GCMY,32,"{'total': 3, 'passengers': 2, 'crew': 1}","{'total': 3, 'passengers': 2, 'crew': 1}",0.0,"While en route, flew into the side of a mountain. The pilot probably made a navigational error because of restricted visibility in fog and light drizzle and entered the wrong valley, and he delayed his decision to reverse course until he was unable to avoid the weather.",3,3,Harbour Air,"{'place_id': 32687025, 'licence': 'Data © OpenStreetMap contributors, ODbL 1.0. http://osm.org/copyright', 'osm_type': 'relation', 'osm_id': 8416355, 'lat': '53.20752735', 'lon': '-132.00071546548642', 'class': 'natural', 'type': 'bay', 'place_rank': 22, 'importance': 0.2000099999999999, 'addresstype': 'bay', 'name': 'Alliford Bay', 'display_name': 'Alliford Bay, Area E (Moresby Island), North Coast Regional District, British Columbia, Canada', 'boundingbox': ['53.1976269', '53.2176285', '-132.0191437', '-131.9814025']}"
31,1403,1990,1996-08-19,0316,"Belgrade, Yugosalvia",Spair Air Transport,,Belgrade - Malta,Ilyushin IL-76T,RA-76513,083414451,"{'total': 12, 'passengers': 2, 'crew': 10}","{'total': 12, 'passengers': 2, 'crew': 10}",0.0,"After taking off from Belgrade, the plane experienced electrical problems and returned to the airport. After dumping fuel and circling for 3 hours, the plane crashed into a corn field 800m short of the runway.",12,12,Spair Air Transport,"{'place_id': 373289196, 'licence': 'Data © OpenStreetMap contributors, ODbL 1.0. http://osm.org/copyright', 'osm_type': 'relation', 'osm_id': 2728438, 'lat': '44.8178131', 'lon': '20.4568974', 'class': 'place', 'type': 'city', 'place_rank': 16, 'importance': 0.7159600763772446, 'addresstype': 'city', 'name': 'Belgrade', 'display_name': 'Belgrade, City of Belgrade, Central Serbia, Serbia', 'boundingbox': ['44.6880459', '44.9426876', '20.2213764', '20.6232109']}"
32,1484,1990,1997-12-28,2310,Over the Pacific Ocean,United Air Lines,826,Tokyo - Honolulu,Boeing B-747-122,N4723U,19882/175,"{'total': 393, 'passengers': 374, 'crew': 19}","{'total': 1, 'passengers': 1, 'crew': 0}",0.0,"Two hours into the flight, at FL 310, the plane received reports of severe clear air turbulence in the area and the seat belt sign was turned on. Moments later, the aircraft suddenly dropped around one hundred feet seriously injuring many passengers and causing damage to the aircraft. The plane landed safely back at Tokyo, but  one passenger died of her injuries.",393,1,United Air Lines,"{'place_id': 34699905, 'licence': 'Data © OpenStreetMap contributors, ODbL 1.0. http://osm.org/copyright', 'osm_type': 'node', 'osm_id': 305640005, 'lat': '-0.703107', 'lon': '-120.9375', 'class': 'place', 'type': 'ocean', 'place_rank': 22, 'importance': 0.2000099999999999, 'addresstype': 'ocean', 'name': 'Pacific Ocean', 'display_name': 'Pacific Ocean', 'boundingbox': ['-0.7031570', '-0.7030570', '-120.9375500', '-120.9374500']}"
33,1555,1960,1968-04-20,2050,"Near Windhoek, South-West  Africa (Namibia)",South African Airways,228/129,Windhoek - Luanda,Boeing B-707-344C,ZS-EUW,19705,"{'total': 128, 'passengers': 116, 'crew': 12}","{'total': 123, 'passengers': 111, 'crew': 12}",0.0,"The aircraft took off from J. G. Strijdom Airport, climbed to an altitude of 600 ft. and then descended, crashing, about one minute after taking off 3 miles from the runway. Procedural errors during takeoff . Takeoff conditions in total darkness with no external visual reference. Stabilizer trim improperly set, spatial disorientation and preoccupation with after takeoff duties.",128,123,South African Airways,"{'place_id': 386321083, 'licence': 'Data © OpenStreetMap contributors, ODbL 1.0. http://osm.org/copyright', 'osm_type': 'relation', 'osm_id': 8650326, 'lat': '-22.5776104', 'lon': '17.0772739', 'class': 'boundary', 'type': 'administrative', 'place_rank': 16, 'importance': 0.5614963988063852, 'addresstype': 'city', 'name': 'Windhoek', 'display_name': 'Windhoek, Khomas, Namibia', 'boundingbox': ['-22.6386570', '-22.4777549', '16.9868681', '17.1306205']}"
34,1644,1950,1954-08-27,2211,"Near Rapid City, South Dekota",Military - U.S. Air Force,,Training,Convair RB-36H,51-13722,,"{'total': 27, 'passengers': 23, 'crew': 4}","{'total': 26, 'passengers': 23, 'crew': 3}",0.0,Crashed while making practice approaches to Ellsworth Air Force Base during its sixth attempt. The plane slammed into to ground with landing gear retracted and flaps set at 20 degrees.,27,26,Military,"{'place_id': 315996570, 'licence': 'Data © OpenStreetMap contributors, ODbL 1.0. http://osm.org/copyright', 'osm_type': 'relation', 'osm_id': 195005, 'lat': '44.0806041', 'lon': '-103.228023', 'class': 'boundary', 'type': 'administrative', 'place_rank': 16, 'importance': 0.504224573332235, 'addresstype': 'city', 'name': 'Rapid City', 'display_name': 'Rapid City, Pennington County, South Dakota, United States', 'boundingbox': ['43.9949218', '44.1367886', '-103.3263526', '-103.0379132']}"
35,1674,1940,1940-08-22,,"Gospic,,Coatia",Aeroput,,Zagreb - Split,Lockheed 10 Electra,YU-SBC,1135,"{'total': 11, 'passengers': 9, 'crew': 2}","{'total': 11, 'passengers': 9, 'crew': 2}",0.0,Hit a mountain slope while en route.,11,11,Aeroput,"{'place_id': 99630908, 'licence': 'Data © OpenStreetMap contributors, ODbL 1.0. http://osm.org/copyright', 'osm_type': 'relation', 'osm_id': 2260026, 'lat': '44.5464046', 'lon': '15.375421', 'class': 'boundary', 'type': 'administrative', 'place_rank': 14, 'importance': 0.5080370679479087, 'addresstype': 'town', 'name': 'Grad Gospić', 'display_name': 'Grad Gospić, Lika-Senj County, Croatia', 'boundingbox': ['44.3395151', '44.7097105', '15.0630028', '15.6512069']}"
36,1724,1950,1956-10-16,0615,Over the Pacific Ocean,Pan American World Airways,943,Honolulu - San Francisco,Boeing  377 Stratocruiser,N90943,15959,"{'total': 31, 'passengers': 24, 'crew': 7}","{'total': 0, 'passengers': 0, 'crew': 0}",0.0,"The aircraft ditched into the Pacific Ocean while on a flight from San Francisco to Honolulu after losing the No. 1 and then the No. 4 engine. The aircraft circled around the U.S. Coast Guard cutter ""Pontchartrain"", at Ocean Station November until daybreak after which it made a successful ditching with no casualties. Probable Cause: An initial mechanical failure which precluded feathering the No.1 propeller and a subsequent mechanical failure which resulted in a complete loss of power from the No.4 engine, the effects of which necessitated a ditching. The aircraft was named ""Clipper Sovereign of the Sky.""",31,0,Pan American World Airways,"{'place_id': 34699905, 'licence': 'Data © OpenStreetMap contributors, ODbL 1.0. http://osm.org/copyright', 'osm_type': 'node', 'osm_id': 305640005, 'lat': '-0.703107', 'lon': '-120.9375', 'class': 'place', 'type': 'ocean', 'place_rank': 22, 'importance': 0.2000099999999999, 'addresstype': 'ocean', 'name': 'Pacific Ocean', 'display_name': 'Pacific Ocean', 'boundingbox': ['-0.7031570', '-0.7030570', '-120.9375500', '-120.9374500']}"
37,1726,1950,1956-10-28,2200,Over the Mediterranean Sea,Military - Egyptian Air Force,,Damascus- Cairo,Curtiss C-46,SU-AAB,,"{'total': 16, 'passengers': 12, 'crew': 4}","{'total': 16, 'passengers': 12, 'crew': 4}",0.0,Shot down by the Israeli Air Force.,16,16,Military,"{'place_id': 79764175, 'licence': 'Data © OpenStreetMap contributors, ODbL 1.0. http://osm.org/copyright', 'osm_type': 'node', 'osm_id': 305640275, 'lat': '35.0000035', 'lon': '19.9999957', 'class': 'place', 'type': 'sea', 'place_rank': 2, 'importance': 0.7070821461514192, 'addresstype': 'sea', 'name': 'Mediterranean Sea', 'display_name': 'Mediterranean Sea', 'boundingbox': ['34.9999535', '35.0000535', '19.9999457', '20.0000457']}"
38,1762,1940,1942-09-24,,Off West Africa,British Overseas Airways,,Lagos - Bathurst - Lisbon - Poole,Short S-30 (flying boat),G-AFCZ,S-885,"{'total': 19, 'passengers': 13, 'crew': 6}","{'total': 19, 'passengers': 13, 'crew': 6}",0.0,"Possible catastrophic in-flight fire possibly related to the design of its fuel-intake system, 90 minutes after departure.",19,19,British Overseas Airways,"{'place_id': 290235064, 'licence': 'Data © OpenStreetMap contributors, ODbL 1.0. http://osm.org/copyright', 'osm_type': 'way', 'osm_id': 1009989751, 'lat': '5.7051780999999995', 'lon': '-0.1753186980377071', 'class': 'amenity', 'type': 'school', 'place_rank': 30, 'importance': 0.13542022266142387, 'addresstype': 'amenity', 'name': 'West Africa Senior High School', 'display_name': 'West Africa Senior High School, Aburi Road, La-Nkwantanang-Madina Municipal District, Greater Accra Region, GM-118-6210, Ghana', 'boundingbox': ['5.7015490', '5.7086430', '-0.1791286', '-0.1715970']}"
39,1779,1990,1995-01-10,,"Off Flores Island, Inodnesia",Merpati Nusantara Airlines,6715,Bima - Ruteng,de Havilland Canada DHC-6 Twin Otter 300,PK-NUK,390,"{'total': 14, 'passengers': 10, 'crew': 4}","{'total': 14, 'passengers': 10, 'crew': 4}",0.0,"The aircraft disappeared while en route from Bima, Sumbawa Island to Ruteng, Flores Island, and crashed into the Molo Strait. The accident occurred in daylight, in poor weather.",14,14,Merpati Nusantara Airlines,"{'place_id': 32330518, 'licence': 'Data © OpenStreetMap contributors, ODbL 1.0. http://osm.org/copyright', 'osm_type': 'relation', 'osm_id': 2142418, 'lat': '49.32299265', 'lon': '-126.15603676967149', 'class': 'place', 'type': 'island', 'place_rank': 17, 'importance': 0.2618449554900854, 'addresstype': 'island', 'name': 'Flores Island', 'display_name': 'Flores Island, Area C (Long Beach), Alberni-Clayoquot Regional District, British Columbia, V0R 1A0, Canada', 'boundingbox': ['49.2477218', '49.3982764', '-126.2408909', '-126.0470145']}"
40,1845,1980,1981-02-26,0525,Off Tabones Island  Philippines,Military - U.S. Air Force,,Training,Lockheed MC-130E-Y,64-0564,4074,"{'total': 24, 'passengers': 15, 'crew': 9}","{'total': 23, 'passengers': 15, 'crew': 8}",0.0,"The military transport crashed into Subic Bay, 15 miles west-northwest of Cubi Point Naval Air Station where it had taken off an hour earlier and where it was on approach to land. Witnesses saw the aircraft flying at a low altitude just before crashing into the sea and exploding in flames.",24,23,Military,"{'place_id': 255189056, 'licence': 'Data © OpenStreetMap contributors, ODbL 1.0. http://osm.org/copyright', 'osm_type': 'way', 'osm_id': 261176337, 'lat': '14.82400515', 'lon': '120.06429839362676', 'class': 'place', 'type': 'islet', 'place_rank': 20, 'importance': 0.1333433333333333, 'addresstype': 'islet', 'name': 'Tabones', 'display_name': 'Tabones, Zambales, Central Luzon, Philippines', 'boundingbox': ['14.8231261', '14.8248369', '120.0640285', '120.0646649']}"
41,1890,1980,1980-01-11,0123,Over the Atlantic Ocean,Private charter,,Shreveport - Baton Rouge,Cessna 441 Conquest,N442NC,,"{'total': 2, 'passengers': 1, 'crew': 1}","{'total': 2, 'passengers': 1, 'crew': 1}",0.0,"The plane was on a 45 minute fight from Shreveport to Baton Rouge Louisiana. The aircraft climbed past its assigned altitude and veered to the northeast. The FAA  tried to contact the aircraft without success. Fighter jets was scrambled to intercept the plane but observed no one at the controls and got no response to radio calls. The plane rose to an altitude of 41,600 feet and headed out to sea. The plane eventually ran out of fuel, descended to about 25,000 feet, went into a spin and crashed into 1,100 feet of water. No wreckage or remains were ever recovered. The official cause remains unknown although it is believed the occupants lost consciousness due to oxygen deprivation. Louisiana State University football coach Robert ""Bo"" Rein, 34, was killed.",2,2,Private charter,"{'place_id': 290604959, 'licence': 'Data © OpenStreetMap contributors, ODbL 1.0. http://osm.org/copyright', 'osm_type': 'node', 'osm_id': 305640306, 'lat': '13.581921', 'lon': '-38.320312', 'class': 'place', 'type': 'ocean', 'place_rank': 22, 'importance': 0.2000099999999999, 'addresstype': 'ocean', 'name': 'Atlantic Ocean', 'display_name': 'Atlantic Ocean', 'boundingbox': ['13.5818710', '13.5819710', '-38.3203620', '-38.3202620']}"
42,1942,1990,1994-03-17,2230,Near Nag,Military - Iranian Air Force,-,Tehran - Moscow,Lockheed Hercules C-130,5-8521,4432,"{'total': 32, 'passengers': 19, 'crew': 13}","{'total': 32, 'passengers': 19, 'crew': 13}",0.0,Shot down with a missile by Armenian forces while en route.,32,32,Military,"{'place_id': 244753958, 'licence': 'Data © OpenStreetMap contributors, ODbL 1.0. http://osm.org/copyright', 'osm_type': 'way', 'osm_id': 128552031, 'lat': '21.089502799999998', 'lon': '79.04602882902044', 'class': 'aeroway', 'type': 'aerodrome', 'place_rank': 30, 'importance': 0.4382492632678067, 'addresstype': 'aeroway', 'name': 'Dr. Babasaheb Ambedkar International Airport', 'display_name': 'Dr. Babasaheb Ambedkar International Airport, Wankhede Road, Agne Layout, Nagpur Urban Taluka, Nagpur, Maharashtra, 440025, India', 'boundingbox': ['21.0661385', '21.1128610', '79.0290731', '79.0587142']}"
43,2021,1940,1943-06-01,1100,Off the coast of France,British Overseas Airways,777,Lisbon - Bristol,Douglas DC-3,G-AGBB,1590,"{'total': 17, 'passengers': 13, 'crew': 4}","{'total': 17, 'passengers': 13, 'crew': 4}",0.0,"Shot down by the German Air Force over the Bay of Biscay. The last message received from the plane was it was being attacked by an enemy aircraft. The aircraft had a Dutch crew. British actor Leslie Howard, 42, killed. It has been speculated that the plane was attacked because the Germans believed that British Prime Minister Winston Churchill was aboard. Other theories suggest the plane was targeted because several passengers, including Howard, were British spies.",17,17,British Overseas Airways,"{'place_id': 172390431, 'licence': 'Data © OpenStreetMap contributors, ODbL 1.0. http://osm.org/copyright', 'osm_type': 'node', 'osm_id': 5728821256, 'lat': '52.9335998', 'lon': '1.283657', 'class': 'man_made', 'type': 'village_sign', 'place_rank': 30, 'importance': 9.99999999995449e-06, 'addresstype': 'man_made', 'name': 'Welcome to CROMER / Gem of the Norfolk Coast', 'display_name': 'Welcome to CROMER / Gem of the Norfolk Coast, Runton Road, Cromer, East Runton, North Norfolk, Norfolk, England, NR27 9BE, United Kingdom', 'boundingbox': ['52.9335498', '52.9336498', '1.2836070', '1.2837070']}"
44,2067,1950,1957-03-22,0037,Over the North Pacific Ocean,Military - U.S. Air Force,,Travis AFB - Tokyo,Boeing C-97C,50-702A,16246,"{'total': 67, 'passengers': 57, 'crew': 10}","{'total': 67, 'passengers': 57, 'crew': 10}",0.0,"Disappeared in  a storm 200 miles southeast of Tokyo, Japan while on a flight from Travis Air Force Base to Tokyo.  Cause unknown.",67,67,Military,"{'place_id': 32752144, 'licence': 'Data © OpenStreetMap contributors, ODbL 1.0. http://osm.org/copyright', 'osm_type': 'node', 'osm_id': 305640027, 'lat': '30.0', 'lon': '-170.0', 'class': 'place', 'type': 'sea', 'place_rank': 2, 'importance': 0.21549815043721327, 'addresstype': 'sea', 'name': 'North Pacific Ocean', 'display_name': 'North Pacific Ocean', 'boundingbox': ['29.9999500', '30.0000500', '-170.0000500', '-169.9999500']}"
45,2147,1920,1924-04-24,,Over the English Channel,KLM Royal Dutch Airlines,,"Lympne, England - Rotterdam, The Netherlands",Fokker F.III,H-NABS,1535,"{'total': 3, 'passengers': 2, 'crew': 1}","{'total': 3, 'passengers': 2, 'crew': 1}",0.0,The aircraft disappeared over the North Sea. The plane and passengers were never found.,3,3,KLM Royal Dutch Airlines,"{'place_id': 277192940, 'licence': 'Data © OpenStreetMap contributors, ODbL 1.0. http://osm.org/copyright', 'osm_type': 'way', 'osm_id': 1180740942, 'lat': '50.4924668', 'lon': '1.054682', 'class': 'natural', 'type': 'strait', 'place_rank': 22, 'importance': 0.63067591390316, 'addresstype': 'strait', 'name': 'English Channel', 'display_name': 'English Channel', 'boundingbox': ['49.4859736', '50.4924668', '-5.5316217', '1.0546820']}"
46,2202,2000,2008-12-15,1640,Off Turks and Caicos Islands,Alantis Aviation,,"Santiago, Dominican Republic - Providenciales",Britten Norman BN-2A Trislander Mk3,N650LP,1029,"{'total': 12, 'passengers': 11, 'crew': 1}","{'total': 12, 'passengers': 11, 'crew': 1}",0.0,The charter flight disappeared from radar 35 minutes into the flight and after the pilot radioed a mayday call. Probably crashed into the ocean. Never found.,12,12,Alantis Aviation,"{'place_id': 296731401, 'licence': 'Data © OpenStreetMap contributors, ODbL 1.0. http://osm.org/copyright', 'osm_type': 'relation', 'osm_id': 547479, 'lat': '21.721746', 'lon': '-71.5527809', 'class': 'boundary', 'type': 'administrative', 'place_rank': 4, 'importance': 0.5976276739705144, 'addresstype': 'country', 'name': 'Turks and Caicos Islands', 'display_name': 'Turks and Caicos Islands', 'boundingbox': ['20.9553418', '22.1630989', '-72.6799046', '-70.8643591']}"
47,2222,2000,2009-01-04,1530,Near Houma Louisiana,Petroleum Helicopters Inc,,Bayou Penchant - Off shore oil fields,Sikorsky S-76C++,N748P,760629,"{'total': 9, 'passengers': 7, 'crew': 2}","{'total': 8, 'passengers': 6, 'crew': 2}",0.0,"A helicopter bound for offshore oil fields went down about 75 miles southwest of New Orleans shortly after taking off. The sudden loss of power to both engines that resulted from impact with a red-tailed hawk, which fractured the windshield and interfered with engine fuel controls and the subsequent disorientation of the flightcrrew members. Also the lack of FAA regulations and guidance at the time the helicopter was certificated requiring helicopter windshields to be resistant to bird strikes and the lack of protections that would prevent T-handles from inadvertently dislodging out of the detents and the lack of a master warning light and audible system to alert the flightcrew of low-rotor speed conditions.",9,8,Petroleum Helicopters Inc,"{'place_id': 294179868, 'licence': 'Data © OpenStreetMap contributors, ODbL 1.0. http://osm.org/copyright', 'osm_type': 'relation', 'osm_id': 131586, 'lat': '29.5957696', 'lon': '-90.7195348', 'class': 'boundary', 'type': 'administrative', 'place_rank': 16, 'importance': 0.47141018536916235, 'addresstype': 'town', 'name': 'Houma', 'display_name': 'Houma, Terrebonne Parish, Louisiana, United States', 'boundingbox': ['29.5449250', '29.6114193', '-90.7670332', '-90.6358760']}"
48,2255,2000,2009-09-08,1030,"Ugamsk Gorge, South Kazakistan",Military - Kazakhstan border guard service,,Patrol,Mil Mi-8,,,"{'total': 13, 'passengers': None, 'crew': None}","{'total': 10, 'passengers': None, 'crew': None}",0.0,The helicopter crashed while while pursuing suspected gunmen near the Uzbek border.,13,10,Military,"{'place_id': 222241641, 'licence': 'Data © OpenStreetMap contributors, ODbL 1.0. http://osm.org/copyright', 'osm_type': 'relation', 'osm_id': 214665, 'lat': '48.1012954', 'lon': '66.7780818', 'class': 'boundary', 'type': 'administrative', 'place_rank': 4, 'importance': 0.7625195773380931, 'addresstype': 'country', 'name': 'Kazakhstan', 'display_name': 'Kazakhstan', 'boundingbox': ['40.5686902', '55.4421701', '46.4932179', '87.3156336']}"
49,2327,1920,1927-11-16,,Over the Gulf of Finland,Aero O-Y,,Tallinn - Helsinki,Junkers F-13,K-SALD,798,"{'total': 6, 'passengers': 4, 'crew': 2}","{'total': 6, 'passengers': 4, 'crew': 2}",0.0,Crashed in the gulf of Finland and never found.,6,6,Aero O-Y,"{'place_id': 182045723, 'licence': 'Data © OpenStreetMap contributors, ODbL 1.0. http://osm.org/copyright', 'osm_type': 'relation', 'osm_id': 9408222, 'lat': '59.8737114', 'lon': '26.323049062171442', 'class': 'natural', 'type': 'bay', 'place_rank': 22, 'importance': 0.5865565260724636, 'addresstype': 'bay', 'name': 'Gulf of Finland', 'display_name': 'Gulf of Finland, Estonia', 'boundingbox': ['59.2344596', '60.5130336', '22.5219720', '30.2307057']}"
50,2364,2020,2022-05-29,1010,Near Lete Pass,Tara Air,,Pokhara - Jomsom,de Havilland Canada DHC-6 Twin Otter 300,9N-AET,619,"{'total': 22, 'passengers': 19, 'crew': 3}","{'total': 22, 'passengers': 19, 'crew': 3}",0.0,"After takeoff, the pilot initiated a left turn to the left and continued to climb to 12,000 feet after which a turn was initiated to the right. In limited visibility, the aircraft impacted the slope of a mountain located in the area of Shikha,14 km southwest of Annapurna Mountain. The wreckage was found the following day. The aircraft disintegrated on impact killing all 22 occupants.",22,22,Tara Air,"{'place_id': 241836466, 'licence': 'Data © OpenStreetMap contributors, ODbL 1.0. http://osm.org/copyright', 'osm_type': 'node', 'osm_id': 5669668338, 'lat': '28.635756', 'lon': '83.6055752', 'class': 'place', 'type': 'village', 'place_rank': 19, 'importance': 0.27501, 'addresstype': 'village', 'name': 'Lete', 'display_name': 'Lete, Thasang, Mustang, Gandaki Province, Nepal', 'boundingbox': ['28.6157560', '28.6557560', '83.5855752', '83.6255752']}"
51,2405,1920,1926-10-02,1527,"Leigh, Kent, Unied Kingdom",Air Union,,Paris - London,Bleriot 155,F- AICQ,1,"{'total': 7, 'passengers': 5, 'crew': 2}","{'total': 7, 'passengers': 5, 'crew': 2}",0.0,"After an engine fire, the pilot attempts to make an emergency landing at Penshurst Airfield but crashed..",7,7,Air Union,"{'place_id': 271094168, 'licence': 'Data © OpenStreetMap contributors, ODbL 1.0. http://osm.org/copyright', 'osm_type': 'node', 'osm_id': 27329912, 'lat': '53.4960455', 'lon': '-2.5171495', 'class': 'place', 'type': 'town', 'place_rank': 18, 'importance': 0.4353653500823204, 'addresstype': 'town', 'name': 'Leigh', 'display_name': 'Leigh, Wigan, Greater Manchester, England, WN7 4LA, United Kingdom', 'boundingbox': ['53.4560455', '53.5360455', '-2.5571495', '-2.4771495']}"
52,2465,1930,1936-12-07,1047,"Off Dakar, French West Africa",Air France,,Marseille - Dakar - Natal - Rio de Janeiro,Latécoère 300 (float plane.,F-AKGF,01,"{'total': 5, 'passengers': 1, 'crew': 4}","{'total': 5, 'passengers': 1, 'crew': 4}",0.0,"The last message from the aviator was ""we have switched off the rear engine."" The plane and crew of four were never found. Aviator Jean Mermoz killed.",5,5,Air France,"{'place_id': 290570699, 'licence': 'Data © OpenStreetMap contributors, ODbL 1.0. http://osm.org/copyright', 'osm_type': 'relation', 'osm_id': 12982139, 'lat': '14.693425', 'lon': '-17.447938', 'class': 'boundary', 'type': 'administrative', 'place_rank': 10, 'importance': 0.6103849441849443, 'addresstype': 'city', 'name': 'Dakar', 'display_name': 'Dakar, Dakar Region, Senegal', 'boundingbox': ['14.6464530', '14.7966431', '-17.5490249', '-17.3966032']}"
53,2484,1930,1937-06-02,,Desertores Island Región de Los Lagos,Fuerzs Aerea De Chile,,Puerto Montt - Punta Arenas,Sirkorsky S-43 (flying boat),2,4319,"{'total': 9, 'passengers': 5, 'crew': 4}","{'total': 9, 'passengers': 5, 'crew': 4}",0.0,"En route, while cruising off the Chiloé Islands, the aircraft disappeared and crashed into the sea. Some debris were found few days later on the shores of the Desertores Island. No trace of the occupants was found.",9,9,Fuerzs Aerea De Chile,"{'place_id': 35032917, 'licence': 'Data © OpenStreetMap contributors, ODbL 1.0. http://osm.org/copyright', 'osm_type': 'relation', 'osm_id': 274991, 'lat': '-42.300844', 'lon': '-73.105387', 'class': 'boundary', 'type': 'administrative', 'place_rank': 8, 'importance': 0.5320407159944787, 'addresstype': 'state', 'name': 'Los Lagos Region', 'display_name': 'Los Lagos Region, Chile', 'boundingbox': ['-44.0657568', '-40.2371549', '-74.8455438', '-71.5808471']}"
54,2498,1930,1937-10-27,0423,Off Western Africa,Air France,,Dakar - Casablanca,Dewoitine D-333,F-ALQA,01,"{'total': 7, 'passengers': 2, 'crew': 5}","{'total': 7, 'passengers': 2, 'crew': 5}",0.0,Disappeared after sending a distress call while en route. Apparently crashed into the sea.,7,7,Air France,"{'place_id': 289632748, 'licence': 'Data © OpenStreetMap contributors, ODbL 1.0. http://osm.org/copyright', 'osm_type': 'way', 'osm_id': 330343073, 'lat': '8.33135465', 'lon': '-13.082871977833307', 'class': 'amenity', 'type': 'place_of_worship', 'place_rank': 30, 'importance': 9.99999999995449e-06, 'addresstype': 'amenity', 'name': 'Africa Mission Agency Mosque', 'display_name': 'Africa Mission Agency Mosque, ABB Lane, York Road, Waterloo, Western Area Rural, Western Area, Sierra Leone', 'boundingbox': ['8.3312894', '8.3314119', '-13.0829417', '-13.0828017']}"
55,2520,1920,1923-12-23,c 02:30,Over the Mediterranean Sea,Military - French Navy,,Toulon - Algiers,Zeppelin Dixmunde (airship),L-72,,"{'total': 52, 'passengers': None, 'crew': None}","{'total': 52, 'passengers': None, 'crew': None}",0.0,"Crashed while on a flight from Toulon, France to Algiers, Algeria.  The last known radio contact reported the ship nearly out of fuel and battling strong winds.  Struck by lightning.",52,52,Military,"{'place_id': 79764175, 'licence': 'Data © OpenStreetMap contributors, ODbL 1.0. http://osm.org/copyright', 'osm_type': 'node', 'osm_id': 305640275, 'lat': '35.0000035', 'lon': '19.9999957', 'class': 'place', 'type': 'sea', 'place_rank': 2, 'importance': 0.7070821461514192, 'addresstype': 'sea', 'name': 'Mediterranean Sea', 'display_name': 'Mediterranean Sea', 'boundingbox': ['34.9999535', '35.0000535', '19.9999457', '20.0000457']}"
56,2525,1930,1935-02-12,,"Off Point Sur, Californiia",Military - US Navy,,,Goodyear-Zeppelin U.S.S. Macon (airship),ZRS-4,,"{'total': 83, 'passengers': 0, 'crew': 83}","{'total': 2, 'passengers': 0, 'crew': 2}",0.0,The airship suffered structural failure in a storm. The airship descended slowly and most of the crew were able to escape. This accident ended the US Navy's airship program.,83,2,Military,"{'place_id': 311302301, 'licence': 'Data © OpenStreetMap contributors, ODbL 1.0. http://osm.org/copyright', 'osm_type': 'node', 'osm_id': 6387224165, 'lat': '36.3053035', 'lon': '-121.8992477', 'class': 'natural', 'type': 'peak', 'place_rank': 18, 'importance': 0.30000999999999994, 'addresstype': 'peak', 'name': 'Point Sur', 'display_name': 'Point Sur, Monterey County, California, United States', 'boundingbox': ['36.3052535', '36.3053535', '-121.8992977', '-121.8991977']}"
57,2564,1920,1921-02-03,,"Mendotta, Minnisota",US Aerial Mail Service,,,De Havilland DH-4,130,,"{'total': 1, 'passengers': 0, 'crew': 1}","{'total': 1, 'passengers': 0, 'crew': 1}",0.0,Shortly after takeoff from Minneapolis-World Chamberlain Field the engine failed. The aircraft lost altitude and crashed  in a field.,1,1,US Aerial Mail Service,"{'place_id': 28748352, 'licence': 'Data © OpenStreetMap contributors, ODbL 1.0. http://osm.org/copyright', 'osm_type': 'relation', 'osm_id': 136571, 'lat': '44.8871878', 'lon': '-93.1643869', 'class': 'boundary', 'type': 'administrative', 'place_rank': 16, 'importance': 0.437540837084501, 'addresstype': 'city', 'name': 'Mendota', 'display_name': 'Mendota, Dakota County, Minnesota, 55150, United States', 'boundingbox': ['44.8799732', '44.8933083', '-93.1684828', '-93.1513596']}"
58,2566,1920,1921-02-15,,Off Gibraltar,Aeropostale,,,Breguet 14,F-ALBA,,"{'total': 2, 'passengers': 0, 'crew': 2}","{'total': 2, 'passengers': 0, 'crew': 2}",0.0,The mail fligh encountered poor weather conditions and crashed into the ocean while on approach to Gibraltar. The bodies of the crew were never recovered.,2,2,Aeropostale,"{'place_id': 286777498, 'licence': 'Data © OpenStreetMap contributors, ODbL 1.0. http://osm.org/copyright', 'osm_type': 'relation', 'osm_id': 1278736, 'lat': '36.1285933', 'lon': '-5.3474761', 'class': 'boundary', 'type': 'administrative', 'place_rank': 4, 'importance': 0.6647207705880548, 'addresstype': 'country', 'name': 'Gibraltar', 'display_name': 'Gibraltar', 'boundingbox': ['36.0587550', '36.1550376', '-5.4006553', '-5.2766611']}"
59,2615,1910,1913-09-09,1830,Over the North Sea,Military - German Navy,,,Zeppelin L-1 (airship),,,"{'total': 20, 'passengers': None, 'crew': None}","{'total': 14, 'passengers': None, 'crew': None}",0.0,The airship flew into a thunderstorm and encountered a severe downdraft crashing 20 miles north of Helgoland Island into the sea. The ship broke in two and the control car immediately sank drowning its occupants.,20,14,Military,"{'place_id': 172711225, 'licence': 'Data © OpenStreetMap contributors, ODbL 1.0. http://osm.org/copyright', 'osm_type': 'relation', 'osm_id': 9051063, 'lat': '56.0026997', 'lon': '2.8144672799047834', 'class': 'place', 'type': 'sea', 'place_rank': 2, 'importance': 0.6683743689518458, 'addresstype': 'sea', 'name': 'North Sea', 'display_name': 'North Sea', 'boundingbox': ['50.9817161', '61.0357962', '-4.0388503', '8.5893022']}"
60,2625,1910,1917-03-30,,Off Northern Germany,Military - German Navy,,,Schutte-Lanz S-L-9 (airship),,,"{'total': 23, 'passengers': None, 'crew': None}","{'total': 23, 'passengers': None, 'crew': None}",0.0,Struck by lightning and crashed into the Baltic Sea.,23,23,Military,"{'place_id': 150810207, 'licence': 'Data © OpenStreetMap contributors, ODbL 1.0. http://osm.org/copyright', 'osm_type': 'relation', 'osm_id': 51477, 'lat': '51.1638175', 'lon': '10.4478313', 'class': 'boundary', 'type': 'administrative', 'place_rank': 4, 'importance': 0.8896814891722549, 'addresstype': 'country', 'name': 'Germany', 'display_name': 'Germany', 'boundingbox': ['47.2701114', '55.0991610', '5.8663153', '15.0419309']}"
61,2631,1910,1918-04-07,2130,Over the Mediterranean,Military - German Navy,,,Zeppelin L-59 (airship),,,"{'total': 23, 'passengers': None, 'crew': None}","{'total': 23, 'passengers': None, 'crew': None}",0.0,Exploded and crashed into the sea off the southern coast of Italy.,23,23,Military,"{'place_id': 184425762, 'licence': 'Data © OpenStreetMap contributors, ODbL 1.0. http://osm.org/copyright', 'osm_type': 'way', 'osm_id': 1171454954, 'lat': '53.863699499999996', 'lon': '27.551608183119', 'class': 'place', 'type': 'quarter', 'place_rank': 20, 'importance': 0.25000999999999995, 'addresstype': 'quarter', 'name': 'Mediterranean', 'display_name': 'Mediterranean, Minsk World, Kastrychnitski District, Minsk, Belarus', 'boundingbox': ['53.8631795', '53.8644583', '27.5497432', '27.5525529']}"
62,2697,1930,1939-01-21,1230,Atlantic Ocean between N.Y. and Bermuda,Imperial Airways,,New York City - Bermuda,Short S-23 (flying boat),G-ADUU,S-812,"{'total': 13, 'passengers': 8, 'crew': 5}","{'total': 3, 'passengers': 2, 'crew': 1}",0.0,"While en route, the aircraft ditched, broke in two  and sank in the Atlantic Ocean, 285 miles SE of Long Island New York. Complete loss of power to the two inner engines and partial loss of power to the two outer engines due to carburetor icing. The aircraft was named ""Cavalier.""",13,3,Imperial Airways,"{'place_id': 290604959, 'licence': 'Data © OpenStreetMap contributors, ODbL 1.0. http://osm.org/copyright', 'osm_type': 'node', 'osm_id': 305640306, 'lat': '13.581921', 'lon': '-38.320312', 'class': 'place', 'type': 'ocean', 'place_rank': 22, 'importance': 0.2000099999999999, 'addresstype': 'ocean', 'name': 'Atlantic Ocean', 'display_name': 'Atlantic Ocean', 'boundingbox': ['13.5818710', '13.5819710', '-38.3203620', '-38.3202620']}"
63,2721,1930,1939-12-21,1300,Off Malta-Luqa,British Airways,,Egypt - England,Lockheed 14 Super Electra,G-AFYU,1444,"{'total': 8, 'passengers': 6, 'crew': 2}","{'total': 5, 'passengers': 3, 'crew': 2}",0.0,"Ditched into the sea, 300 miles NW of Alexandria, Egypt. A ship rescued six survivers.",8,5,British Airways,"{'place_id': 78989574, 'licence': 'Data © OpenStreetMap contributors, ODbL 1.0. http://osm.org/copyright', 'osm_type': 'relation', 'osm_id': 7510563, 'lat': '35.859653', 'lon': '14.4892913', 'class': 'boundary', 'type': 'administrative', 'place_rank': 16, 'importance': 0.4577893666542367, 'addresstype': 'village', 'name': 'Luqa', 'display_name': 'Luqa, Southern Region, Malta', 'boundingbox': ['35.8280428', '35.8756565', '14.4576263', '14.5139720']}"
64,2799,2010,2014-01-20,1634,Near Petreasa Romania,Scoala Superioara de Aviatie Civla,,Bucharest - Oradea,Britten Norman BN-2A-27 Islander,YR-BNP,822,"{'total': 7, 'passengers': 5, 'crew': 2}","{'total': 2, 'passengers': 1, 'crew': 1}",0.0,The air ambulance left Bucharest with a medical team to obtain transplant organs. After experiencing problems with the engines the pilot attempted to make an emergency landing but crashed on a hillside in deep snow. All aboard initially survived but the pilot and a medical student died before the rescue party reached the aircraft.,7,2,Scoala Superioara de Aviatie Civla,"{'place_id': 85842532, 'licence': 'Data © OpenStreetMap contributors, ODbL 1.0. http://osm.org/copyright', 'osm_type': 'node', 'osm_id': 422869737, 'lat': '46.5356098', 'lon': '22.9427729', 'class': 'place', 'type': 'hamlet', 'place_rank': 20, 'importance': 0.4293327847381092, 'addresstype': 'hamlet', 'name': 'Petreasa', 'display_name': 'Petreasa, Zânzești, Horea, Alba, 517352, Romania', 'boundingbox': ['46.5156098', '46.5556098', '22.9227729', '22.9627729']}"
65,2830,2000,2000-03-05,1811,"Burbank, Calilfornia",Southwest Airlines,1455,Las Vegas - Burbank,Boeing B-737-3T5,N668SW,23060/1069,"{'total': 142, 'passengers': 137, 'crew': 5}","{'total': 0, 'passengers': 0, 'crew': 0}",0.0,"While attempting to land at Burbank Airport, the plane overran the runway, collided with a metal blast fence and an airport perimeter wall and came to rest on a city street near a gas station. The plane touched down at 182 knots, 2,150 feet past the runway threshold, too fast and too far down the runway for the plane to stop in time.  In the accident sequence,  the nose gear collapsed, the forward service door (1R) escape slide inflated inside the airplane and  the forward dual flight attendant jumpseat, which was occupied by two flight attendants, partially collapsed. Two passengers sustained serious injuries and 41 passengers and the captain sustained minor injuries. The flightcrew's excessive airspeed and flight path angle during the approach and landing and its failure to abort the approach when stabilized approach criteria were not met. Contributing to the accident was the controller's positioning of the airplane in such a manner as to leave no safe options for the flightcrew other than a go-around maneuver.",142,0,Southwest Airlines,"{'place_id': 309316908, 'licence': 'Data © OpenStreetMap contributors, ODbL 1.0. http://osm.org/copyright', 'osm_type': 'relation', 'osm_id': 3529574, 'lat': '34.1812089', 'lon': '-118.307201', 'class': 'boundary', 'type': 'administrative', 'place_rank': 16, 'importance': 0.5803840842051387, 'addresstype': 'city', 'name': 'Burbank', 'display_name': 'Burbank, California, United States', 'boundingbox': ['34.1426634', '34.2216629', '-118.3701672', '-118.2799902']}"
66,2895,1930,1938-03-01,21:30,"Near Wawona, Cailifornia",Trans Continental and Western Air,8,"San Francisco - Winslow, AZ,  Burbank, CA",Douglas DC-2-112,NC13789,1299,"{'total': 9, 'passengers': 6, 'crew': 3}","{'total': 9, 'passengers': 6, 'crew': 3}",0.0,Crashed into the high Sierra after encountering a severe weather front while en route. The pilot radioed that ice was forming on the DC-2's wings as it neared the Tehachapi Mountains near Bakersfield and that he was turning back towards the north to land at Fresno. The aircraft sheared off the tops of pine trees and crashed 200 feet below a summit. The wreckage was not found until 6/12/38.,9,9,Trans Continental and Western Air,"{'place_id': 309683128, 'licence': 'Data © OpenStreetMap contributors, ODbL 1.0. http://osm.org/copyright', 'osm_type': 'node', 'osm_id': 150972258, 'lat': '37.5368699', 'lon': '-119.654916', 'class': 'place', 'type': 'hamlet', 'place_rank': 20, 'importance': 0.375561325671519, 'addresstype': 'hamlet', 'name': 'Wawona', 'display_name': 'Wawona, Mariposa County, California, United States', 'boundingbox': ['37.5168699', '37.5568699', '-119.6749160', '-119.6349160']}"
67,2914,1930,1938-07-29,0411,Pacific Ocean between Manila and Guam,Pan American World Airways,229,Alameda - Manila,Martin M-130 (flying boat),NC14714,556,"{'total': 15, 'passengers': 6, 'crew': 9}","{'total': 15, 'passengers': 6, 'crew': 9}",0.0,"The plane crashed into the ocean while en route between Guam and Manilla. The last known position was 12.27 N, 130.40 W or 582 nm east southeast of Manila at 04:00 GCT. Cause unknown. The plane may have been hijacked by the Japanese and flown to Truk Island where the crew and passengers were murdered. The aircraft was named ""Hawaii Clipper.""",15,15,Pan American World Airways,"{'place_id': 34699905, 'licence': 'Data © OpenStreetMap contributors, ODbL 1.0. http://osm.org/copyright', 'osm_type': 'node', 'osm_id': 305640005, 'lat': '-0.703107', 'lon': '-120.9375', 'class': 'place', 'type': 'ocean', 'place_rank': 22, 'importance': 0.2000099999999999, 'addresstype': 'ocean', 'name': 'Pacific Ocean', 'display_name': 'Pacific Ocean', 'boundingbox': ['-0.7031570', '-0.7030570', '-120.9375500', '-120.9374500']}"
68,2952,2010,2016-05-19,0249,175 miles off the Egyptian coast,EgyptAir,804,Paris - Cairo,Airbus A320-232,SU-GCC,2088,"{'total': 66, 'passengers': 56, 'crew': 10}","{'total': 66, 'passengers': 56, 'crew': 10}",0.0,"The plane was en route from Paris to Cairo, flying at an altitude of 38,000 ft. when it made a sharp 90 degree turn to the left, followed by a 360 degree turn to the right as it lost altitude. The aircraft crashed into the Mediterranean Sea approximately 175 miles off the Egyptian coast. Two days after the accident, it is confirmed that ACARS messages reported smoke on board, apparently in the lavatory and also in a technical compartment located under the cockpit.The most likely cause was that a fire broke out in the cockpit while the aircraft was flying at its cruise altitude and that the fire spread rapidly resulting in the loss of control of the aircraft.",66,66,EgyptAir,
69,3066,2000,2003-10-03,,Sao Gabriel de Cachoeria,Air taxi - Rumo Notre Air Taxi,,Sao Gabriel de Cachoeria - Yauarete,EMB 721C Sertanejo,PT-EBK,,"{'total': 4, 'passengers': 3, 'crew': 1}","{'total': 4, 'passengers': 3, 'crew': 1}",0.0,"The plane disappeared shortly after taking off. Wreckage was found at  2 miles south of Gabriel’s runaway,  in the Amazon forest, 2 days later.  Mechanical failure after the takoff.  Remote area without ATC or radar.",4,4,Air taxi - Rumo Notre Air Taxi,"{'place_id': 297963493, 'licence': 'Data © OpenStreetMap contributors, ODbL 1.0. http://osm.org/copyright', 'osm_type': 'relation', 'osm_id': 332477, 'lat': '-0.1249715', 'lon': '-67.0813855', 'class': 'boundary', 'type': 'administrative', 'place_rank': 16, 'importance': 0.4240545795893716, 'addresstype': 'municipality', 'name': 'São Gabriel da Cachoeira', 'display_name': 'São Gabriel da Cachoeira, Região Geográfica Imediata de São Gabriel da Cachoeira, Região Geográfica Intermediária de Manaus, Amazonas, North Region, 69750-000, Brazil', 'boundingbox': ['-1.5278777', '2.2301100', '-70.0472141', '-65.8887436']}"
70,3164,2000,2006-01-02,1111,Near Karkov,Evolga,,Moscow - Karkov,British Aerospace BAe-125-700A,P4-AOD,257153,"{'total': 3, 'passengers': 0, 'crew': 3}","{'total': 3, 'passengers': 0, 'crew': 3}",0.0,"On a positionning flight from Sheremetyevo to Kharkov to pick up passengers, while on final approach, the aircraft crashed in a frozen lake 3 km from runway threshold.",3,3,Evolga,"{'place_id': 104577682, 'licence': 'Data © OpenStreetMap contributors, ODbL 1.0. http://osm.org/copyright', 'osm_type': 'way', 'osm_id': 168449713, 'lat': '43.5316805', 'lon': '2.589027493181817', 'class': 'building', 'type': 'yes', 'place_rank': 30, 'importance': 9.99999999995449e-06, 'addresstype': 'building', 'name': 'Karkov', 'display_name': 'Karkov, Route des Cardines, Taillades, Anglès, Castres, Tarn, Occitania, Metropolitan France, 81260, France', 'boundingbox': ['43.5316000', '43.5317760', '2.5888920', '2.5891060']}"
71,3177,2000,2006-05-23,1822,Off São Tomé Island,Air São Tomé,,Training,de Havilland Canada DHC-6 Twin Otter 300,S9-BAL,648,"{'total': 4, 'passengers': 2, 'crew': 2}","{'total': 4, 'passengers': 2, 'crew': 2}",0.0,The aircraft disappeared from radar screens while on approach to São Tomé Island. The aircraft crashed in sea a  few km off shore.,4,4,Air São Tomé,"{'place_id': 65816415, 'licence': 'Data © OpenStreetMap contributors, ODbL 1.0. http://osm.org/copyright', 'osm_type': 'relation', 'osm_id': 9377730, 'lat': '0.21620230000000001', 'lon': '6.594508392277262', 'class': 'place', 'type': 'island', 'place_rank': 17, 'importance': 0.4980616366080265, 'addresstype': 'island', 'name': 'São Tomé', 'display_name': 'São Tomé, Caué, São Tomé and Príncipe', 'boundingbox': ['0.0189393', '0.4133980', '6.4601915', '6.7606260']}"
72,3242,1920,1928-07-10,,Over the Gulf of Finland,Aero O-Y,,Tallinn - Helsinki,Junkers F-13,K-SALB,760,"{'total': 6, 'passengers': 4, 'crew': 2}","{'total': 6, 'passengers': 4, 'crew': 2}",0.0,Crashed under unknown circumstances,6,6,Aero O-Y,"{'place_id': 182045723, 'licence': 'Data © OpenStreetMap contributors, ODbL 1.0. http://osm.org/copyright', 'osm_type': 'relation', 'osm_id': 9408222, 'lat': '59.8737114', 'lon': '26.323049062171442', 'class': 'natural', 'type': 'bay', 'place_rank': 22, 'importance': 0.5865565260724636, 'addresstype': 'bay', 'name': 'Gulf of Finland', 'display_name': 'Gulf of Finland, Estonia', 'boundingbox': ['59.2344596', '60.5130336', '22.5219720', '30.2307057']}"
73,3253,1920,1928-11-15,,Off Gibraltar,Aeropostale,,Marseille - Palma de Majorca,Latecoere 32,F-AISN,80,"{'total': 3, 'passengers': None, 'crew': 3}","{'total': 1, 'passengers': 0, 'crew': 1}",0.0,The sea plane stuck a lightning mast and crashed into houses. Pilot error.,3,1,Aeropostale,"{'place_id': 286777498, 'licence': 'Data © OpenStreetMap contributors, ODbL 1.0. http://osm.org/copyright', 'osm_type': 'relation', 'osm_id': 1278736, 'lat': '36.1285933', 'lon': '-5.3474761', 'class': 'boundary', 'type': 'administrative', 'place_rank': 4, 'importance': 0.6647207705880548, 'addresstype': 'country', 'name': 'Gibraltar', 'display_name': 'Gibraltar', 'boundingbox': ['36.0587550', '36.1550376', '-5.4006553', '-5.2766611']}"
74,3422,2000,2005-09-05,0730,"Isiro, Democtratic Republic Congo",Kavatshi Airlines,,Beni - Isiro,Antonov 26B,ER-AZT,9005,"{'total': 11, 'passengers': 7, 'crew': 4}","{'total': 11, 'passengers': 7, 'crew': 4}",0.0,"While on approach to Runway 31 the plane hit trees, crashed and burned.",11,11,Kavatshi Airlines,"{'place_id': 68599043, 'licence': 'Data © OpenStreetMap contributors, ODbL 1.0. http://osm.org/copyright', 'osm_type': 'node', 'osm_id': 478528026, 'lat': '2.7742702', 'lon': '27.6208169', 'class': 'place', 'type': 'city', 'place_rank': 16, 'importance': 0.37343830063718053, 'addresstype': 'city', 'name': 'Isiro', 'display_name': 'Isiro, Upper Uele, Democratic Republic of the Congo', 'boundingbox': ['2.6142702', '2.9342702', '27.4608169', '27.7808169']}"
75,3424,2000,2005-10-04,,"Aru, Democratic Republic Cogo",Wimbi Dira Airways,,Kisangani - Bunia,Antonov 12V,9Q-CWC,2400901,"{'total': 100, 'passengers': 96, 'crew': 4}","{'total': 2, 'passengers': 2, 'crew': 0}",0.0,The aircraft carrying troops made a hard landing causing the landing gear to penetrate the fuselage. Two passengers were killed when they exited the plane and ran into the propellers which were still turning.,100,2,Wimbi Dira Airways,"{'place_id': 178916338, 'licence': 'Data © OpenStreetMap contributors, ODbL 1.0. http://osm.org/copyright', 'osm_type': 'relation', 'osm_id': 353632, 'lat': '58.5410827', 'lon': '22.7007211', 'class': 'boundary', 'type': 'administrative', 'place_rank': 18, 'importance': 0.4230326718362406, 'addresstype': 'hamlet', 'name': 'Aru küla', 'display_name': 'Aru küla, Saaremaa vald, Saare maakond, 94245, Estonia', 'boundingbox': ['58.5366031', '58.5484277', '22.6923010', '22.7160978']}"
76,3530,1970,1972-10-16,0900,Off the Alaska coast,Private,,"Anchorage, AK - Juneau, AK",Cessna 310C,N1812H,35912,"{'total': 4, 'passengers': 3, 'crew': 1}","{'total': 4, 'passengers': 3, 'crew': 1}",0.0,"The plane was on a flight from Anchorage to Juneau when it disappeared as it was approaching the Chugach Mountain range.  The weather along the prescribed route was not condusive to VFR flight.  Louisiana Congressman and House Majority Leader Hale Boggs, Alaska Congressman Nick Begich and his aide killed. Cause unknown.",4,4,Private,"{'place_id': 55302967, 'licence': 'Data © OpenStreetMap contributors, ODbL 1.0. http://osm.org/copyright', 'osm_type': 'way', 'osm_id': 28136448, 'lat': '-28.0297734', 'lon': '153.4036602', 'class': 'highway', 'type': 'residential', 'place_rank': 26, 'importance': 0.10000999999999993, 'addresstype': 'road', 'name': 'Alaska Avenue', 'display_name': 'Alaska Avenue, Broadbeach Waters, Gold Coast City, Queensland, 4218, Australia', 'boundingbox': ['-28.0314803', '-28.0297734', '153.4032984', '153.4036602']}"
77,3774,1960,1967-10-09,1145,Over the Carribean Sea,LACSA,,"San Jose, Costa Rica - Grand Cayman Islands",BAC One Eleven,,,"{'total': 23, 'passengers': 18, 'crew': 5}","{'total': 2, 'passengers': 2, 'crew': 0}",0.0,"The jetliner, flying at 29,000 ft., was caught in violent downdrafts dropping the airplane 10,000 ft in four successive plunges before the pilot was able to regain control of the aircraft. Costa Rican publisher and former ambassador to the U.S. Ricardo Castro Beeche and another male passenger were killed when they were ejected out of their seats. Both had failed to fasten their seatbelts even after a warning ten minutes earlier. The plane landed safely at Grand Cayman Islands 40 minutes after the event. There was no apparent damage to the aircraft.",23,2,LACSA,"{'place_id': 297224756, 'licence': 'Data © OpenStreetMap contributors, ODbL 1.0. http://osm.org/copyright', 'osm_type': 'node', 'osm_id': 6178540486, 'lat': '12.0833286', 'lon': '-68.8704447', 'class': 'shop', 'type': 'gift', 'place_rank': 30, 'importance': 9.99999999995449e-06, 'addresstype': 'shop', 'name': 'Carribean handcraft', 'display_name': 'Carribean handcraft, 10, Kaya Damasco, Vista Royal, Jan Thiel, Curacao, Netherlands', 'boundingbox': ['12.0832786', '12.0833786', '-68.8704947', '-68.8703947']}"
78,3881,1950,1959-05-15,2042,"Off Mar del Plata, Aregntina",Aerolineas Argentinas,,Mar del Plata - Bahia Blanca,Douglas DC-3,LV-AFW,19790,"{'total': 10, 'passengers': 6, 'crew': 4}","{'total': 10, 'passengers': 6, 'crew': 4}",0.0,Crashed into the sea during a steep turn following a takeoff at night. Undetermined cause.,10,10,Aerolineas Argentinas,"{'place_id': 46919615, 'licence': 'Data © OpenStreetMap contributors, ODbL 1.0. http://osm.org/copyright', 'osm_type': 'relation', 'osm_id': 13715766, 'lat': '-34.5318317', 'lon': '-54.0552069', 'class': 'boundary', 'type': 'administrative', 'place_rank': 16, 'importance': 0.35000999999999993, 'addresstype': 'locality', 'name': 'Mar del Plata', 'display_name': 'Mar del Plata, Rocha, Uruguay', 'boundingbox': ['-34.5383164', '-34.5216431', '-54.0696960', '-54.0419520']}"
79,3924,1960,1965-01-22,,Mt. Helmos. Greece,Military - U.S. Air Force,,Aviano - Athens,Douglas C-124C,52-1058,43967,"{'total': 10, 'passengers': 0, 'crew': 10}","{'total': 10, 'passengers': 0, 'crew': 10}",0.0,"In poor visibility, struck Mt Helmos located near Kalávryta, 40 km southeast of Patras.",10,10,Military,"{'place_id': 315427694, 'licence': 'Data © OpenStreetMap contributors, ODbL 1.0. http://osm.org/copyright', 'osm_type': 'way', 'osm_id': 155786567, 'lat': '40.6371152', 'lon': '-111.9608944', 'class': 'highway', 'type': 'residential', 'place_rank': 26, 'importance': 0.10000999999999993, 'addresstype': 'road', 'name': 'Mount Helmos Circle', 'display_name': 'Mount Helmos Circle, Hazelhurst, Taylorsville, Salt Lake County, Utah, 84129, United States', 'boundingbox': ['40.6368030', '40.6371152', '-111.9608944', '-111.9608902']}"
80,3972,1960,1965-11-02,,"Obock, French Somaliland",Military - French Air Force,,Djibouti - Obock,Douglas C-47A,316410,20876,"{'total': 30, 'passengers': 25, 'crew': 5}","{'total': 30, 'passengers': 25, 'crew': 5}",0.0,The plane crashed and exploded as it attempted to land at Obock. The civilians aboard included a hand-ball team.,30,30,Military,"{'place_id': 69700534, 'licence': 'Data © OpenStreetMap contributors, ODbL 1.0. http://osm.org/copyright', 'osm_type': 'relation', 'osm_id': 3725121, 'lat': '12.2111051', 'lon': '43.1685809', 'class': 'boundary', 'type': 'administrative', 'place_rank': 8, 'importance': 0.4469177900028567, 'addresstype': 'state', 'name': 'Obock', 'display_name': 'Obock, Djibouti', 'boundingbox': ['11.8300908', '12.7135911', '42.7094800', '43.4176174']}"
81,4043,1970,1970-01-12,1200,Near Villia Greece,Military - Royal Hellenic Air Force,,Military exercise,Douglas C-47,,,"{'total': 27, 'passengers': 22, 'crew': 5}","{'total': 23, 'passengers': 19, 'crew': 4}",0.0,"The aircraft, carrying paratroopers, crashed into a mountain in fog.",27,23,Military,"{'place_id': 79923756, 'licence': 'Data © OpenStreetMap contributors, ODbL 1.0. http://osm.org/copyright', 'osm_type': 'node', 'osm_id': 4426406391, 'lat': '37.4700941', 'lon': '25.3225098', 'class': 'tourism', 'type': 'guest_house', 'place_rank': 30, 'importance': 9.99999999995449e-06, 'addresstype': 'tourism', 'name': 'Villia Chloe', 'display_name': 'Villia Chloe, Μυκόνου - Αγίου Στεφάνου, Paradisia, Mykonos Community, Agios Stefanos, Municipality of Mykonos, Mykonos Regional Unit, South Aegean, Aegean, 846 00, Greece', 'boundingbox': ['37.4700441', '37.4701441', '25.3224598', '25.3225598']}"
82,4080,1970,1970-07-03,1400,"McGrath, Alakska",Reeder Flying Service,,"McGrath AK - Galena, AK",Douglas DC-3,N154R,6156,"{'total': 27, 'passengers': 25, 'crew': 2}","{'total': 5, 'passengers': 4, 'crew': 1}",0.0,"Crashed into trees shortly after taking off. The pilot rotated at V2 speed and then reduced power when the copilot raised the landing gear.The right main gear was still on the ground when retracted, causing the propeller to strike the runway surface.",27,5,Reeder Flying Service,"{'place_id': 32667409, 'licence': 'Data © OpenStreetMap contributors, ODbL 1.0. http://osm.org/copyright', 'osm_type': 'node', 'osm_id': 150918890, 'lat': '62.9563889', 'lon': '-155.595833', 'class': 'place', 'type': 'village', 'place_rank': 19, 'importance': 0.3976552579306947, 'addresstype': 'village', 'name': 'McGrath', 'display_name': 'McGrath, Unorganized Borough, Alaska, 99627, United States', 'boundingbox': ['62.9363889', '62.9763889', '-155.6158330', '-155.5758330']}"
83,4124,1960,1964-03-01,1129,"Near Zephyr Cove, Nevada",Paradise Airlines,901A,"San Jose, CA - Lake Tahoe",Lockheed 049 Constellation,N86504,2025,"{'total': 85, 'passengers': 81, 'crew': 4}","{'total': 85, 'passengers': 81, 'crew': 4}",0.0,"The aircraft crashed into Genoa Peak while attempting to land under VFR conditions after a missed approach and go-around. The captain's decision not to wait until the weather improved or divert to an alternate airport during adverse weather conditions. The pilot's deviation from prescribed VFR flight procedures in attempting a visual landing approach in adverse weather conditions. This resulted in an abandoned approach and geographical disorientation while flying below the minimum altitude prescribed or operations in mountainous areas. The aircraft was named ""City of Los Angeles.""",85,85,Paradise Airlines,"{'place_id': 309951420, 'licence': 'Data © OpenStreetMap contributors, ODbL 1.0. http://osm.org/copyright', 'osm_type': 'node', 'osm_id': 150964958, 'lat': '39.0060103', 'lon': '-119.947238', 'class': 'place', 'type': 'village', 'place_rank': 19, 'importance': 0.31043947441223085, 'addresstype': 'village', 'name': 'Zephyr Cove', 'display_name': 'Zephyr Cove, Douglas County, Nevada, 89448, United States', 'boundingbox': ['38.9860103', '39.0260103', '-119.9672380', '-119.9272380']}"
84,4128,1960,1964-03-10,0822,"Boston, Massachutes",Slick Airways - Cargo,12,New York - Winsor Locks - Boston,Douglas DC-4,N384,18379,"{'total': 3, 'passengers': 0, 'crew': 3}","{'total': 3, 'passengers': 0, 'crew': 3}",0.0,"While on approach, the cargo plane suddenly pitched down and crashed short of the runway. Loss of balancing forces on the horizontal surface of the empennage of the aircraft, due to ice accretion, causing the aircraft to pitch nose down at an altitude too low to effect recovery.",3,3,Slick Airways - Cargo,"{'place_id': 17756195, 'licence': 'Data © OpenStreetMap contributors, ODbL 1.0. http://osm.org/copyright', 'osm_type': 'relation', 'osm_id': 2315704, 'lat': '42.3554334', 'lon': '-71.060511', 'class': 'boundary', 'type': 'administrative', 'place_rank': 16, 'importance': 0.7102507899404512, 'addresstype': 'city', 'name': 'Boston', 'display_name': 'Boston, Suffolk County, Massachusetts, United States', 'boundingbox': ['42.2279112', '42.3969775', '-71.1912442', '-70.8044881']}"
85,4210,1950,1958-07-09,1405,"Dhaka, Baangladesh",Indian Airlines,,Agartala - Dhaka,Douglas C-47A,VT-CYM,19317,"{'total': 3, 'passengers': 0, 'crew': 3}","{'total': 3, 'passengers': 0, 'crew': 3}",0.0,The cargo plane suffered structural failure in thunderstorm activity.,3,3,Indian Airlines,"{'place_id': 247761968, 'licence': 'Data © OpenStreetMap contributors, ODbL 1.0. http://osm.org/copyright', 'osm_type': 'node', 'osm_id': 3442474911, 'lat': '23.7644025', 'lon': '90.389015', 'class': 'place', 'type': 'city', 'place_rank': 15, 'importance': 0.6101101092708113, 'addresstype': 'city', 'name': 'Dhaka', 'display_name': 'Dhaka, Dhaka Metropolitan, Dhaka District, Dhaka Division, 1215, Bangladesh', 'boundingbox': ['23.6044025', '23.9244025', '90.2290150', '90.5490150']}"
86,4217,1950,1958-09-02,0610,Off Guam,Military - U.S. Air Force,,Guam - Clark AB,Douglas C-124C Globemaster,52-1081A,43990,"{'total': 19, 'passengers': 12, 'crew': 7}","{'total': 19, 'passengers': 12, 'crew': 7}",0.0,The aircraft crashed 35 miles west of Agana Naval Air Station. In-flight fire of unknown origin.,19,19,Military,"{'place_id': 256242649, 'licence': 'Data © OpenStreetMap contributors, ODbL 1.0. http://osm.org/copyright', 'osm_type': 'relation', 'osm_id': 306001, 'lat': '13.4499943', 'lon': '144.7651677', 'class': 'boundary', 'type': 'administrative', 'place_rank': 8, 'importance': 0.689784943797409, 'addresstype': 'state', 'name': 'Guam', 'display_name': 'Guam, United States', 'boundingbox': ['13.1823350', '13.7061790', '144.5634260', '145.0091670']}"
87,4226,1950,1958-09-29,,Over the Mediterranean Sea,Middle East Airlines,,Beirut - Rome - London,Avro 685 York I,OD-ADB,1307,"{'total': 5, 'passengers': 0, 'crew': 5}","{'total': 5, 'passengers': 0, 'crew': 5}",0.0,The cargo plane disappeared over the Mediterranean Sea and was never found.,5,5,Middle East Airlines,"{'place_id': 79764175, 'licence': 'Data © OpenStreetMap contributors, ODbL 1.0. http://osm.org/copyright', 'osm_type': 'node', 'osm_id': 305640275, 'lat': '35.0000035', 'lon': '19.9999957', 'class': 'place', 'type': 'sea', 'place_rank': 2, 'importance': 0.7070821461514192, 'addresstype': 'sea', 'name': 'Mediterranean Sea', 'display_name': 'Mediterranean Sea', 'boundingbox': ['34.9999535', '35.0000535', '19.9999457', '20.0000457']}"
88,4340,1970,1974-06-27,,"Battambang, Khmer Republic",Cambodia Air,1999,Battambang - Phnom Penh,Boeing 307B-1 Stratoliner,XW-TFR,1999,"{'total': 39, 'passengers': 33, 'crew': 6}","{'total': 19, 'passengers': 17, 'crew': 2}",0.0,Crashed during takeoff and burned after 3 engines failed. Mechanical failure due to improper maintenance procedures. Insufficient training of cabin crew.,39,19,Cambodia Air,"{'place_id': 253429366, 'licence': 'Data © OpenStreetMap contributors, ODbL 1.0. http://osm.org/copyright', 'osm_type': 'relation', 'osm_id': 6608542, 'lat': '12.9256791', 'lon': '103.23171364274523', 'class': 'boundary', 'type': 'administrative', 'place_rank': 8, 'importance': 0.4641215505334765, 'addresstype': 'state', 'name': 'Battambang', 'display_name': 'Battambang, Cambodia', 'boundingbox': ['12.3711193', '13.4793632', '102.3450807', '103.9011713']}"
89,4400,1940,1948-04-24,0930,Near Irkutsk Russia,Aeroflot,,Kirensk - Badaybo,Lisnov Li-2,CCCP-L4460,3704,"{'total': 29, 'passengers': 25, 'crew': 4}","{'total': 28, 'passengers': 24, 'crew': 4}",0.0,"Crashed in an icy river, 20 miles from its destination. The flight crew who had been drinking the previous night, diverted from the correct route and had been flying at an altitude of about 300 ft. when they crashed.",29,28,Aeroflot,"{'place_id': 224753629, 'licence': 'Data © OpenStreetMap contributors, ODbL 1.0. http://osm.org/copyright', 'osm_type': 'relation', 'osm_id': 145454, 'lat': '56.6370122', 'lon': '104.719221', 'class': 'boundary', 'type': 'administrative', 'place_rank': 8, 'importance': 0.588927723127148, 'addresstype': 'state', 'name': 'Irkutsk Oblast', 'display_name': 'Irkutsk Oblast, Siberian Federal District, Russia', 'boundingbox': ['51.1298852', '64.3215450', '95.6462714', '119.1393147']}"
90,4414,1940,1948-07-07,0950,"Djiring, French Indo-China",Aigle Azur,,Saigon - Da Lat,Douglas DC-3,F-BCYP,9158,"{'total': 16, 'passengers': 13, 'crew': 3}","{'total': 16, 'passengers': 13, 'crew': 3}",0.0,Crashed into mountains 50 miles southwest of Da Lat in adverse meteriological conditions and absence of adequate ground facililities.,16,16,Aigle Azur,
91,4416,1940,1948-07-16,1800,Pacific Ocean between Hong Kong and Macao,Cathay Pacific Airways,,Macau - Hong Kong,Consolidated OA-10 Catalina,VR-HDT,,"{'total': 26, 'passengers': 23, 'crew': 3}","{'total': 25, 'passengers': 22, 'crew': 3}",0.0,"The plane crashed after being hijacked. While trying to take control of the aircraft, one of the passengers tried to stop the hijackers, In response, one of the hijackers shot wildly striking and killing both pilots The plane went out of control and crashed. One of the hijackers survived by jumping out of the rear exit before the plane hit the water.  He was held in Macao prison for three years and released in 1951.First commercial aircraft to be hijacked.",26,25,Cathay Pacific Airways,"{'place_id': 34699905, 'licence': 'Data © OpenStreetMap contributors, ODbL 1.0. http://osm.org/copyright', 'osm_type': 'node', 'osm_id': 305640005, 'lat': '-0.703107', 'lon': '-120.9375', 'class': 'place', 'type': 'ocean', 'place_rank': 22, 'importance': 0.2000099999999999, 'addresstype': 'ocean', 'name': 'Pacific Ocean', 'display_name': 'Pacific Ocean', 'boundingbox': ['-0.7031570', '-0.7030570', '-120.9375500', '-120.9374500']}"
92,4455,1940,1949-01-17,c 13:40,"Atlantic Ocean, off Bermuda",British South American Airways,,Bermuda - Kingston,Avro 688 Tudor 4B,G-AGRE,1253,"{'total': 20, 'passengers': 13, 'crew': 7}","{'total': 20, 'passengers': 13, 'crew': 7}",0.0,"Lost at sea on a flight from Bermuda to Kingston, Jamaica. The last radio message reported the plane was crossing 30 degrees N.  Nothing further was heard from the plane. No wreckage was ever found. The weather was good at the time. The plane was named ""Star Ariel."" Cause undetermined.",20,20,British South American Airways,"{'place_id': 290604959, 'licence': 'Data © OpenStreetMap contributors, ODbL 1.0. http://osm.org/copyright', 'osm_type': 'node', 'osm_id': 305640306, 'lat': '13.581921', 'lon': '-38.320312', 'class': 'place', 'type': 'ocean', 'place_rank': 22, 'importance': 0.2000099999999999, 'addresstype': 'ocean', 'name': 'Atlantic Ocean', 'display_name': 'Atlantic Ocean', 'boundingbox': ['13.5818710', '13.5819710', '-38.3203620', '-38.3202620']}"
93,4473,1940,1949-05-07,16:00,"Sibuyan Sea, off the Philippine island of Elalat",Philippine Air Lines,,Daet - Manila,Douglas DC-3,PI-C-98,16743/33491,"{'total': 13, 'passengers': 10, 'crew': 3}","{'total': 13, 'passengers': 10, 'crew': 3}",0.0,"The plane was on a flight from Daet, Camarines to Manila when it crashed after experiencing a violent explosion in the tail of the aircraft. Two ex-convicts confessed to planting a time bomb aboard the flight in order to kill the husband of a woman involved with another man.",13,13,Philippine Air Lines,"{'place_id': 254589700, 'licence': 'Data © OpenStreetMap contributors, ODbL 1.0. http://osm.org/copyright', 'osm_type': 'node', 'osm_id': 4788003295, 'lat': '12.6666667', 'lon': '122.5', 'class': 'place', 'type': 'sea', 'place_rank': 2, 'importance': 0.4896381138590387, 'addresstype': 'sea', 'name': 'Sibuyan Sea', 'display_name': 'Sibuyan Sea', 'boundingbox': ['12.6666167', '12.6667167', '122.4999500', '122.5000500']}"
94,4570,1960,1961-01-22,0304,Midway Island Naval Air Station,Military - U.S. Navy,,Survey,Lockheed WV-2 Super Constellation,BU143193,4467,"{'total': 22, 'passengers': 0, 'crew': 22}","{'total': 6, 'passengers': 0, 'crew': 6}",3.0,"While returning from an aborted barrier mission, the aircraft hit a seawall at end of short runway. The main landing gear was sheared off and the aircraft cartwheeled, slid into a vehicle, exploded and burned.",22,6,Military,"{'place_id': 19926416, 'licence': 'Data © OpenStreetMap contributors, ODbL 1.0. http://osm.org/copyright', 'osm_type': 'node', 'osm_id': 358222033, 'lat': '44.4981219', 'lon': '-69.7794924', 'class': 'place', 'type': 'island', 'place_rank': 17, 'importance': 0.32500999999999997, 'addresstype': 'island', 'name': 'Midway Island', 'display_name': 'Midway Island, Belgrade, Kennebec County, Maine, United States', 'boundingbox': ['44.1781219', '44.8181219', '-70.0994924', '-69.4594924']}"
95,4653,1970,1977-06-21,2230,Off Wake Island,Military - U.S. Navy,,Wake-Agana,Lockheed EC-130Q,156176,4280,"{'total': 16, 'passengers': 0, 'crew': 16}","{'total': 16, 'passengers': 0, 'crew': 16}",0.0,Crashed into the Pacific Ocean and exploded moments after taking off from Wake Island Air Base. The plane rose no higher than 400 ft. before crashing one mile from the end of the runway.,16,16,Military,"{'place_id': 256361133, 'licence': 'Data © OpenStreetMap contributors, ODbL 1.0. http://osm.org/copyright', 'osm_type': 'way', 'osm_id': 23720504, 'lat': '19.28988935', 'lon': '166.64921739111432', 'class': 'place', 'type': 'island', 'place_rank': 17, 'importance': 0.480006165130629, 'addresstype': 'island', 'name': 'Wake Island', 'display_name': 'Wake Island, United States', 'boundingbox': ['19.2699818', '19.3097898', '166.5990427', '166.6573812']}"
96,4871,1980,1989-09-21,,"Centeral Afghanistan
Afghanistan",Military - Afghan Republican Air Force,,,Mil Mi-8 (helicopter),,,"{'total': 26, 'passengers': None, 'crew': None}","{'total': 26, 'passengers': None, 'crew': None}",0.0,,26,26,Military,"{'place_id': 220100631, 'licence': 'Data © OpenStreetMap contributors, ODbL 1.0. http://osm.org/copyright', 'osm_type': 'relation', 'osm_id': 303427, 'lat': '33.7680065', 'lon': '66.2385139', 'class': 'boundary', 'type': 'administrative', 'place_rank': 4, 'importance': 0.7470274828373141, 'addresstype': 'country', 'name': 'Afghanistan', 'display_name': 'Afghanistan', 'boundingbox': ['29.3772926', '38.4910682', '60.5176034', '74.8898620']}"
